<galaxy>
	<star name="Sol" temp="100" x="0" y="0" size="1.0" numPlanets="0" numGasGiants="0" >
		<planet name="Earth" DIMID="0" dimMapping="">
			<isKnown>true</isKnown>
			<fogColor>1.0,1.0,1.0</fogColor>
			<skyColor>1.0,1.0,1.0</skyColor>
			<gravitationalMultiplier>100</gravitationalMultiplier>
			<orbitalDistance>100</orbitalDistance>
			<orbitalPhi>0</orbitalPhi>
			<rotationalPeriod>24000</rotationalPeriod>
			<atmosphereDensity>100</atmosphereDensity>
			<planet name="Luna" DIMID="2">
				<isKnown>false</isKnown>
				<fogColor>1.0,1.0,1.0</fogColor>
				<skyColor>1.0,1.0,1.0</skyColor>
				<gravitationalMultiplier>16</gravitationalMultiplier>
				<orbitalDistance>150</orbitalDistance>
				<orbitalPhi>0</orbitalPhi>
				<rotationalPeriod>128000</rotationalPeriod>
				<atmosphereDensity>0</atmosphereDensity>
				<biomeIds>advancedrocketry:moon,advancedrocketry:moondark</biomeIds>
			</planet>
		</planet>
		<planet name="Sol-33" DIMID="33">
			<isKnown>false</isKnown>
			<fogColor>1.0,1.0,1.0</fogColor>
			<skyColor>0.8,0.6839504,0.88772404</skyColor>
			<gravitationalMultiplier>130</gravitationalMultiplier>
			<orbitalDistance>78</orbitalDistance>
			<orbitalPhi>-2</orbitalPhi>
			<rotationalPeriod>10923</rotationalPeriod>
			<atmosphereDensity>62</atmosphereDensity>
			<biomeIds>minecraft:desert_hills</biomeIds>
			<planet name="Sol-33: 0" DIMID="34">
				<isKnown>false</isKnown>
				<fogColor>1.0,1.0,1.0</fogColor>
				<skyColor>0.0,0.9620154,1.0</skyColor>
				<gravitationalMultiplier>58</gravitationalMultiplier>
				<orbitalDistance>187</orbitalDistance>
				<orbitalPhi>0</orbitalPhi>
				<rotationalPeriod>116857</rotationalPeriod>
				<atmosphereDensity>21</atmosphereDensity>
				<biomeIds>advancedrocketry:moon,advancedrocketry:moondark</biomeIds>
			</planet>
			<planet name="Sol-33: 1" DIMID="35">
				<isKnown>false</isKnown>
				<fogColor>1.0,1.0,1.0</fogColor>
				<skyColor>0.50335985,0.8816035,1.0</skyColor>
				<gravitationalMultiplier>67</gravitationalMultiplier>
				<orbitalDistance>97</orbitalDistance>
				<orbitalPhi>3</orbitalPhi>
				<rotationalPeriod>79797</rotationalPeriod>
				<atmosphereDensity>21</atmosphereDensity>
				<biomeIds>advancedrocketry:moon,advancedrocketry:moondark</biomeIds>
			</planet>
			<planet name="Sol-33: 2" DIMID="36">
				<isKnown>false</isKnown>
				<fogColor>1.0,1.0,1.0</fogColor>
				<skyColor>0.44245458,0.6598539,1.0</skyColor>
				<gravitationalMultiplier>71</gravitationalMultiplier>
				<orbitalDistance>116</orbitalDistance>
				<orbitalPhi>-3</orbitalPhi>
				<rotationalPeriod>67055</rotationalPeriod>
				<atmosphereDensity>25</atmosphereDensity>
				<biomeIds>advancedrocketry:moon,advancedrocketry:moondark</biomeIds>
			</planet>
		</planet>
		<planet name="Sol-18" DIMID="18">
			<isKnown>false</isKnown>
			<fogColor>1.0,1.0,1.0</fogColor>
			<skyColor>0.8,0.6023294,0.06951398</skyColor>
			<gravitationalMultiplier>115</gravitationalMultiplier>
			<orbitalDistance>83</orbitalDistance>
			<orbitalPhi>-1</orbitalPhi>
			<rotationalPeriod>15780</rotationalPeriod>
			<atmosphereDensity>161</atmosphereDensity>
			<biomeIds>advancedrocketry:hotdryrock</biomeIds>
			<planet name="Sol-18: 0" DIMID="19">
				<isKnown>false</isKnown>
				<fogColor>1.0,1.0,1.0</fogColor>
				<skyColor>0.06433463,0.99791616,1.0</skyColor>
				<gravitationalMultiplier>55</gravitationalMultiplier>
				<orbitalDistance>165</orbitalDistance>
				<orbitalPhi>-2</orbitalPhi>
				<rotationalPeriod>144252</rotationalPeriod>
				<atmosphereDensity>30</atmosphereDensity>
				<biomeIds>traverse:autumnal_wooded_hills,minecraft:beaches,minecraft:mutated_forest,minecraft:mutated_swampland,minecraft:smaller_extreme_hills</biomeIds>
			</planet>
			<planet name="Sol-18: 1" DIMID="20">
				<isKnown>false</isKnown>
				<fogColor>1.0,1.0,1.0</fogColor>
				<skyColor>0.0,0.9916884,1.0</skyColor>
				<gravitationalMultiplier>44</gravitationalMultiplier>
				<orbitalDistance>195</orbitalDistance>
				<orbitalPhi>-5</orbitalPhi>
				<rotationalPeriod>281743</rotationalPeriod>
				<atmosphereDensity>13</atmosphereDensity>
				<seaLevel>75</seaLevel>
				<biomeIds>advancedrocketry:moon,advancedrocketry:moondark</biomeIds>
				<oceanBlock>advancedrocketry:oxygenfluid</oceanBlock>
			</planet>
			<planet name="Sol-18: 2" DIMID="21">
				<isKnown>false</isKnown>
				<fogColor>1.0,1.0,1.0</fogColor>
				<skyColor>4.169345E-4,0.9925037,1.0</skyColor>
				<gravitationalMultiplier>48</gravitationalMultiplier>
				<orbitalDistance>179</orbitalDistance>
				<orbitalPhi>-3</orbitalPhi>
				<rotationalPeriod>217013</rotationalPeriod>
				<atmosphereDensity>28</atmosphereDensity>
				<biomeIds>minecraft:mutated_mesa_rock,traverse:birch_forested_hills,biomesoplenty:temperate_rainforest,traverse:thicket,minecraft:mutated_jungle</biomeIds>
			</planet>
			<oceanBlock>minecraft:lava</oceanBlock>
		</planet>
		<planet name="Sol-3" DIMID="3">
			<isKnown>false</isKnown>
			<GasGiant>true</GasGiant>
			<gas>oxygen</gas>
			<gas>hydrogen</gas>
			<gas>nitrogen</gas>
			<fogColor>1.0,1.0,1.0</fogColor>
			<skyColor>1.0,1.0,1.0</skyColor>
			<gravitationalMultiplier>130</gravitationalMultiplier>
			<orbitalDistance>200</orbitalDistance>
			<orbitalPhi>0</orbitalPhi>
			<rotationalPeriod>24000</rotationalPeriod>
			<atmosphereDensity>131</atmosphereDensity>
			<planet name="Sol-3: 0" DIMID="4">
				<isKnown>false</isKnown>
				<fogColor>1.0,1.0,1.0</fogColor>
				<skyColor>0.08918965,0.60800433,1.0</skyColor>
				<gravitationalMultiplier>77</gravitationalMultiplier>
				<orbitalDistance>173</orbitalDistance>
				<orbitalPhi>-4</orbitalPhi>
				<rotationalPeriod>52570</rotationalPeriod>
				<atmosphereDensity>35</atmosphereDensity>
				<seaLevel>50</seaLevel>
				<biomeIds>minecraft:birch_forest_hills,minecraft:mushroom_island_shore,minecraft:extreme_hills,biomesoplenty:visceral_heap,biomesoplenty:land_of_lakes</biomeIds>
			</planet>
			<planet name="Sol-3: 1" DIMID="5">
				<isKnown>false</isKnown>
				<fogColor>1.0,1.0,1.0</fogColor>
				<skyColor>0.4585135,0.7004995,1.0</skyColor>
				<gravitationalMultiplier>60</gravitationalMultiplier>
				<orbitalDistance>112</orbitalDistance>
				<orbitalPhi>-3</orbitalPhi>
				<rotationalPeriod>111111</rotationalPeriod>
				<atmosphereDensity>32</atmosphereDensity>
				<biomeIds>minecraft:mushroom_island_shore,biomesoplenty:wetland,traverse:rocky_plains,minecraft:mutated_birch_forest_hills,minecraft:forest</biomeIds>
			</planet>
			<planet name="Sol-3: 2" DIMID="6">
				<isKnown>false</isKnown>
				<fogColor>1.0,1.0,1.0</fogColor>
				<skyColor>0.2404331,0.5725188,1.0</skyColor>
				<gravitationalMultiplier>51</gravitationalMultiplier>
				<orbitalDistance>133</orbitalDistance>
				<orbitalPhi>-4</orbitalPhi>
				<rotationalPeriod>180925</rotationalPeriod>
				<atmosphereDensity>24</atmosphereDensity>
				<biomeIds>advancedrocketry:moon,advancedrocketry:moondark</biomeIds>
			</planet>
			<planet name="Sol-3: 3" DIMID="7">
				<isKnown>false</isKnown>
				<fogColor>1.0,1.0,1.0</fogColor>
				<skyColor>0.29752558,0.7765715,1.0</skyColor>
				<gravitationalMultiplier>82</gravitationalMultiplier>
				<orbitalDistance>127</orbitalDistance>
				<orbitalPhi>0</orbitalPhi>
				<rotationalPeriod>43528</rotationalPeriod>
				<atmosphereDensity>24</atmosphereDensity>
				<seaLevel>72</seaLevel>
				<biomeIds>advancedrocketry:moon,advancedrocketry:moondark</biomeIds>
				<oceanBlock>advancedrocketry:oxygenfluid</oceanBlock>
			</planet>
			<planet name="Sol-3: 4" DIMID="8">
				<isKnown>false</isKnown>
				<fogColor>1.0,1.0,1.0</fogColor>
				<skyColor>0.33401215,0.8021764,1.0</skyColor>
				<gravitationalMultiplier>89</gravitationalMultiplier>
				<orbitalDistance>130</orbitalDistance>
				<orbitalPhi>1</orbitalPhi>
				<rotationalPeriod>34044</rotationalPeriod>
				<atmosphereDensity>32</atmosphereDensity>
				<biomeIds>biomesoplenty:eucalyptus_forest,biomesoplenty:white_beach,minecraft:extreme_hills,minecraft:beaches,biomesoplenty:lavender_fields</biomeIds>
			</planet>
			<planet name="Sol-3: 5" DIMID="9">
				<isKnown>false</isKnown>
				<fogColor>1.0,1.0,1.0</fogColor>
				<skyColor>0.0,0.9252606,1.0</skyColor>
				<gravitationalMultiplier>66</gravitationalMultiplier>
				<orbitalDistance>182</orbitalDistance>
				<orbitalPhi>7</orbitalPhi>
				<rotationalPeriod>83479</rotationalPeriod>
				<atmosphereDensity>25</atmosphereDensity>
				<biomeIds>advancedrocketry:moon,advancedrocketry:moondark</biomeIds>
			</planet>
		</planet>
		<planet name="Sol-22" DIMID="22">
			<isKnown>false</isKnown>
			<fogColor>1.0,1.0,1.0</fogColor>
			<skyColor>0.8,0.6249987,0.0</skyColor>
			<gravitationalMultiplier>130</gravitationalMultiplier>
			<orbitalDistance>0</orbitalDistance>
			<orbitalPhi>0</orbitalPhi>
			<rotationalPeriod>10923</rotationalPeriod>
			<atmosphereDensity>134</atmosphereDensity>
			<seaLevel>50</seaLevel>
			<biomeIds>advancedrocketry:hotdryrock</biomeIds>
			<planet name="Sol-22: 0" DIMID="23">
				<isKnown>false</isKnown>
				<fogColor>1.0,1.0,1.0</fogColor>
				<skyColor>0.26973313,0.9819063,1.0</skyColor>
				<gravitationalMultiplier>67</gravitationalMultiplier>
				<orbitalDistance>124</orbitalDistance>
				<orbitalPhi>0</orbitalPhi>
				<rotationalPeriod>79797</rotationalPeriod>
				<atmosphereDensity>13</atmosphereDensity>
				<seaLevel>60</seaLevel>
				<biomeIds>advancedrocketry:moon,advancedrocketry:moondark</biomeIds>
			</planet>
			<planet name="Sol-22: 1" DIMID="24">
				<isKnown>false</isKnown>
				<fogColor>1.0,1.0,1.0</fogColor>
				<skyColor>0.0,0.53261924,1.0</skyColor>
				<gravitationalMultiplier>65</gravitationalMultiplier>
				<orbitalDistance>195</orbitalDistance>
				<orbitalPhi>0</orbitalPhi>
				<rotationalPeriod>87391</rotationalPeriod>
				<atmosphereDensity>14</atmosphereDensity>
				<seaLevel>74</seaLevel>
				<biomeIds>advancedrocketry:moon,advancedrocketry:moondark</biomeIds>
			</planet>
			<oceanBlock>minecraft:lava</oceanBlock>
		</planet>
		<planet name="Sol-25" DIMID="25">
			<isKnown>false</isKnown>
			<fogColor>1.0,1.0,1.0</fogColor>
			<skyColor>0.0,0.8020029,1.0</skyColor>
			<gravitationalMultiplier>123</gravitationalMultiplier>
			<orbitalDistance>169</orbitalDistance>
			<orbitalPhi>-3</orbitalPhi>
			<rotationalPeriod>12897</rotationalPeriod>
			<atmosphereDensity>5</atmosphereDensity>
			<biomeIds>advancedrocketry:moon,advancedrocketry:moondark</biomeIds>
			<planet name="Sol-25: 0" DIMID="26">
				<isKnown>false</isKnown>
				<fogColor>1.0,1.0,1.0</fogColor>
				<skyColor>0.15875685,0.82551706,1.0</skyColor>
				<gravitationalMultiplier>76</gravitationalMultiplier>
				<orbitalDistance>149</orbitalDistance>
				<orbitalPhi>1</orbitalPhi>
				<rotationalPeriod>54672</rotationalPeriod>
				<atmosphereDensity>25</atmosphereDensity>
				<seaLevel>77</seaLevel>
				<biomeIds>advancedrocketry:moon,advancedrocketry:moondark</biomeIds>
				<oceanBlock>advancedrocketry:oxygenfluid</oceanBlock>
			</planet>
		</planet>
		<planet name="Sol-10" DIMID="10">
			<isKnown>false</isKnown>
			<fogColor>1.0,1.0,1.0</fogColor>
			<skyColor>0.8,0.736786,0.0</skyColor>
			<gravitationalMultiplier>130</gravitationalMultiplier>
			<orbitalDistance>11</orbitalDistance>
			<orbitalPhi>-4</orbitalPhi>
			<rotationalPeriod>10923</rotationalPeriod>
			<atmosphereDensity>200</atmosphereDensity>
			<biomeIds>advancedrocketry:hotdryrock</biomeIds>
			<oceanBlock>minecraft:lava</oceanBlock>
		</planet>
		<planet name="Sol-11" DIMID="11">
			<isKnown>false</isKnown>
			<fogColor>1.0,1.0,1.0</fogColor>
			<skyColor>0.33089387,0.62028986,1.0</skyColor>
			<gravitationalMultiplier>107</gravitationalMultiplier>
			<orbitalDistance>161</orbitalDistance>
			<orbitalPhi>9</orbitalPhi>
			<rotationalPeriod>19591</rotationalPeriod>
			<atmosphereDensity>50</atmosphereDensity>
			<seaLevel>68</seaLevel>
			<biomeIds>biomesoplenty:mountain_foothills,minecraft:savanna,biomesoplenty:temperate_rainforest,biomesoplenty:land_of_lakes,minecraft:mutated_birch_forest_hills</biomeIds>
			<planet name="Sol-11: 0" DIMID="12">
				<isKnown>false</isKnown>
				<fogColor>1.0,1.0,1.0</fogColor>
				<skyColor>0.5767083,0.7796602,1.0</skyColor>
				<gravitationalMultiplier>31</gravitationalMultiplier>
				<orbitalDistance>104</orbitalDistance>
				<orbitalPhi>4</orbitalPhi>
				<rotationalPeriod>805612</rotationalPeriod>
				<atmosphereDensity>36</atmosphereDensity>
				<biomeIds>biomesoplenty:steppe,nex:fungi_forest,biomesoplenty:xeric_shrubland,biomesoplenty:mountain,biomesoplenty:undergarden</biomeIds>
			</planet>
			<planet name="Sol-11: 1" DIMID="13">
				<isKnown>false</isKnown>
				<fogColor>1.0,1.0,1.0</fogColor>
				<skyColor>0.34440267,0.6860932,1.0</skyColor>
				<gravitationalMultiplier>69</gravitationalMultiplier>
				<orbitalDistance>106</orbitalDistance>
				<orbitalPhi>-2</orbitalPhi>
				<rotationalPeriod>73057</rotationalPeriod>
				<atmosphereDensity>14</atmosphereDensity>
				<biomeIds>advancedrocketry:moon,advancedrocketry:moondark</biomeIds>
			</planet>
			<planet name="Sol-11: 2" DIMID="14">
				<isKnown>false</isKnown>
				<fogColor>1.0,1.0,1.0</fogColor>
				<skyColor>0.3639338,0.64067334,1.0</skyColor>
				<gravitationalMultiplier>52</gravitationalMultiplier>
				<orbitalDistance>113</orbitalDistance>
				<orbitalPhi>1</orbitalPhi>
				<rotationalPeriod>161206</rotationalPeriod>
				<atmosphereDensity>15</atmosphereDensity>
				<seaLevel>77</seaLevel>
				<biomeIds>advancedrocketry:moon,advancedrocketry:moondark</biomeIds>
				<oceanBlock>advancedrocketry:oxygenfluid</oceanBlock>
			</planet>
		</planet>
		<planet name="Sol-27" DIMID="27">
			<isKnown>false</isKnown>
			<fogColor>1.0,1.0,1.0</fogColor>
			<skyColor>0.8,0.8093044,0.4915613</skyColor>
			<gravitationalMultiplier>104</gravitationalMultiplier>
			<orbitalDistance>109</orbitalDistance>
			<orbitalPhi>-1</orbitalPhi>
			<rotationalPeriod>20150</rotationalPeriod>
			<atmosphereDensity>129</atmosphereDensity>
			<biomeIds>minecraft:extreme_hills</biomeIds>
			<planet name="Sol-27: 0" DIMID="28">
				<isKnown>false</isKnown>
				<fogColor>1.0,1.0,1.0</fogColor>
				<skyColor>0.09792161,0.55293036,1.0</skyColor>
				<gravitationalMultiplier>76</gravitationalMultiplier>
				<orbitalDistance>157</orbitalDistance>
				<orbitalPhi>-4</orbitalPhi>
				<rotationalPeriod>54672</rotationalPeriod>
				<atmosphereDensity>26</atmosphereDensity>
				<biomeIds>minecraft:mutated_redwood_taiga,biomesoplenty:visceral_heap,minecraft:mesa_rock,nex:torrid_wasteland,biomesoplenty:undergarden</biomeIds>
			</planet>
			<planet name="Sol-27: 1" DIMID="29">
				<isKnown>false</isKnown>
				<fogColor>1.0,1.0,1.0</fogColor>
				<skyColor>0.0,0.5161774,1.0</skyColor>
				<gravitationalMultiplier>73</gravitationalMultiplier>
				<orbitalDistance>174</orbitalDistance>
				<orbitalPhi>-3</orbitalPhi>
				<rotationalPeriod>61693</rotationalPeriod>
				<atmosphereDensity>28</atmosphereDensity>
				<biomeIds>biomesoplenty:lush_swamp,traverse:red_desert,biomesoplenty:chaparral,minecraft:mutated_forest,biomesoplenty:mystic_grove</biomeIds>
			</planet>
			<planet name="Sol-27: 2" DIMID="30">
				<isKnown>false</isKnown>
				<fogColor>1.0,1.0,1.0</fogColor>
				<skyColor>0.3089347,0.99197614,1.0</skyColor>
				<gravitationalMultiplier>32</gravitationalMultiplier>
				<orbitalDistance>134</orbitalDistance>
				<orbitalPhi>-2</orbitalPhi>
				<rotationalPeriod>732421</rotationalPeriod>
				<atmosphereDensity>32</atmosphereDensity>
				<biomeIds>minecraft:extreme_hills_with_trees,traverse:mini_jungle,biomesoplenty:flower_field,minecraft:beaches,minecraft:mutated_mesa_clear_rock</biomeIds>
			</planet>
			<oceanBlock>minecraft:lava</oceanBlock>
		</planet>
		<planet name="Sol-15" DIMID="15">
			<isKnown>false</isKnown>
			<fogColor>1.0,1.0,1.0</fogColor>
			<skyColor>0.047899842,0.5885428,1.0</skyColor>
			<gravitationalMultiplier>116</gravitationalMultiplier>
			<orbitalDistance>200</orbitalDistance>
			<orbitalPhi>-2</orbitalPhi>
			<rotationalPeriod>15375</rotationalPeriod>
			<atmosphereDensity>63</atmosphereDensity>
			<biomeIds>minecraft:mutated_plains,minecraft:mutated_birch_forest_hills,minecraft:savanna,biomesoplenty:mystic_grove,biomesoplenty:mangrove</biomeIds>
			<planet name="Sol-15: 0" DIMID="16">
				<isKnown>false</isKnown>
				<fogColor>1.0,1.0,1.0</fogColor>
				<skyColor>0.4792341,0.6981919,1.0</skyColor>
				<gravitationalMultiplier>35</gravitationalMultiplier>
				<orbitalDistance>105</orbitalDistance>
				<orbitalPhi>-1</orbitalPhi>
				<rotationalPeriod>559766</rotationalPeriod>
				<atmosphereDensity>22</atmosphereDensity>
				<biomeIds>advancedrocketry:moon,advancedrocketry:moondark</biomeIds>
			</planet>
			<planet name="Sol-15: 1" DIMID="17">
				<isKnown>false</isKnown>
				<fogColor>1.0,1.0,1.0</fogColor>
				<skyColor>0.0,0.92704654,1.0</skyColor>
				<gravitationalMultiplier>78</gravitationalMultiplier>
				<orbitalDistance>174</orbitalDistance>
				<orbitalPhi>-1</orbitalPhi>
				<rotationalPeriod>50574</rotationalPeriod>
				<atmosphereDensity>30</atmosphereDensity>
				<biomeIds>minecraft:mesa_clear_rock,minecraft:swampland,minecraft:extreme_hills,biomesoplenty:xeric_shrubland,minecraft:mutated_savanna</biomeIds>
			</planet>
		</planet>
		<planet name="Sol-31" DIMID="31">
			<isKnown>false</isKnown>
			<fogColor>1.0,1.0,1.0</fogColor>
			<skyColor>0.8,0.795336,0.8153686</skyColor>
			<gravitationalMultiplier>108</gravitationalMultiplier>
			<orbitalDistance>91</orbitalDistance>
			<orbitalPhi>2</orbitalPhi>
			<rotationalPeriod>19051</rotationalPeriod>
			<atmosphereDensity>85</atmosphereDensity>
			<seaLevel>62</seaLevel>
			<biomeIds>biomesoplenty:wasteland,traverse:meadow,biomesoplenty:temperate_rainforest,biomesoplenty:bayou,biomesoplenty:tropical_rainforest</biomeIds>
			<planet name="Sol-31: 0" DIMID="32">
				<isKnown>false</isKnown>
				<fogColor>1.0,1.0,1.0</fogColor>
				<skyColor>0.55513287,0.81124234,1.0</skyColor>
				<gravitationalMultiplier>37</gravitationalMultiplier>
				<orbitalDistance>101</orbitalDistance>
				<orbitalPhi>-2</orbitalPhi>
				<rotationalPeriod>473812</rotationalPeriod>
				<atmosphereDensity>25</atmosphereDensity>
				<seaLevel>73</seaLevel>
				<biomeIds>advancedrocketry:moon,advancedrocketry:moondark</biomeIds>
				<oceanBlock>advancedrocketry:oxygenfluid</oceanBlock>
			</planet>
		</planet>
	</star>
	<star name="Wolf 12" temp="10" x="300" y="-200" size="1.0" numPlanets="0" numGasGiants="0" >
		<planet name="Sol-49" DIMID="49">
			<isKnown>false</isKnown>
			<hasRings>true</hasRings>
			<ringColor>0.8,0.5849631,0.7680167</ringColor>
			<fogColor>1.0,1.0,1.0</fogColor>
			<skyColor>0.8,0.5849631,0.7680167</skyColor>
			<gravitationalMultiplier>121</gravitationalMultiplier>
			<orbitalDistance>56</orbitalDistance>
			<orbitalPhi>-1</orbitalPhi>
			<rotationalPeriod>13547</rotationalPeriod>
			<atmosphereDensity>61</atmosphereDensity>
			<biomeIds>minecraft:desert,traverse:badlands,biomesoplenty:coral_reef,biomesoplenty:mountain,minecraft:mutated_swampland</biomeIds>
			<planet name="Sol-49: 0" DIMID="50">
				<isKnown>false</isKnown>
				<fogColor>1.0,1.0,1.0</fogColor>
				<skyColor>0.0,0.6112312,1.0</skyColor>
				<gravitationalMultiplier>50</gravitationalMultiplier>
				<orbitalDistance>199</orbitalDistance>
				<orbitalPhi>-4</orbitalPhi>
				<rotationalPeriod>192000</rotationalPeriod>
				<atmosphereDensity>22</atmosphereDensity>
				<seaLevel>75</seaLevel>
				<biomeIds>advancedrocketry:moon,advancedrocketry:moondark</biomeIds>
				<oceanBlock>advancedrocketry:oxygenfluid</oceanBlock>
			</planet>
			<planet name="Sol-49: 1" DIMID="51">
				<isKnown>false</isKnown>
				<fogColor>1.0,1.0,1.0</fogColor>
				<skyColor>0.38268864,0.58218884,1.0</skyColor>
				<gravitationalMultiplier>45</gravitationalMultiplier>
				<orbitalDistance>124</orbitalDistance>
				<orbitalPhi>-9</orbitalPhi>
				<rotationalPeriod>263374</rotationalPeriod>
				<atmosphereDensity>36</atmosphereDensity>
				<biomeIds>traverse:mini_jungle,biomesoplenty:oasis,biomesoplenty:prairie,traverse:red_desert,biomesoplenty:steppe</biomeIds>
			</planet>
		</planet>
		<planet name="Sol-37" DIMID="37">
			<isKnown>false</isKnown>
			<fogColor>1.0,1.0,1.0</fogColor>
			<skyColor>0.8,0.9109378,0.0</skyColor>
			<gravitationalMultiplier>104</gravitationalMultiplier>
			<orbitalDistance>83</orbitalDistance>
			<orbitalPhi>0</orbitalPhi>
			<rotationalPeriod>21335</rotationalPeriod>
			<atmosphereDensity>200</atmosphereDensity>
			<biomeIds>advancedrocketry:hotdryrock</biomeIds>
			<planet name="Sol-37: 0" DIMID="38">
				<isKnown>false</isKnown>
				<fogColor>1.0,1.0,1.0</fogColor>
				<skyColor>0.041058302,0.7311632,1.0</skyColor>
				<gravitationalMultiplier>45</gravitationalMultiplier>
				<orbitalDistance>164</orbitalDistance>
				<orbitalPhi>0</orbitalPhi>
				<rotationalPeriod>263374</rotationalPeriod>
				<atmosphereDensity>35</atmosphereDensity>
				<biomeIds>biomesoplenty:cherry_blossom_grove,minecraft:mushroom_island_shore,biomesoplenty:wasteland,biomesoplenty:bayou,biomesoplenty:gravel_beach</biomeIds>
			</planet>
			<planet name="Sol-37: 1" DIMID="39">
				<isKnown>false</isKnown>
				<fogColor>1.0,1.0,1.0</fogColor>
				<skyColor>0.0,0.6289358,1.0</skyColor>
				<gravitationalMultiplier>51</gravitationalMultiplier>
				<orbitalDistance>174</orbitalDistance>
				<orbitalPhi>-2</orbitalPhi>
				<rotationalPeriod>180925</rotationalPeriod>
				<atmosphereDensity>27</atmosphereDensity>
				<biomeIds>biomesoplenty:ominous_woods,traverse:red_desert,biomesoplenty:cherry_blossom_grove,biomesoplenty:origin_island,traverse:green_swamp</biomeIds>
			</planet>
			<planet name="Sol-37: 2" DIMID="40">
				<isKnown>false</isKnown>
				<fogColor>1.0,1.0,1.0</fogColor>
				<skyColor>0.17191231,0.93325156,1.0</skyColor>
				<gravitationalMultiplier>75</gravitationalMultiplier>
				<orbitalDistance>134</orbitalDistance>
				<orbitalPhi>3</orbitalPhi>
				<rotationalPeriod>56888</rotationalPeriod>
				<atmosphereDensity>15</atmosphereDensity>
				<biomeIds>advancedrocketry:moon,advancedrocketry:moondark</biomeIds>
			</planet>
			<oceanBlock>minecraft:lava</oceanBlock>
		</planet>
		<planet name="Sol-41" DIMID="41">
			<isKnown>false</isKnown>
			<fogColor>1.0,1.0,1.0</fogColor>
			<skyColor>0.4115088,0.52107584,1.0</skyColor>
			<gravitationalMultiplier>90</gravitationalMultiplier>
			<orbitalDistance>173</orbitalDistance>
			<orbitalPhi>0</orbitalPhi>
			<rotationalPeriod>32921</rotationalPeriod>
			<atmosphereDensity>77</atmosphereDensity>
			<biomeIds>traverse:autumnal_wooded_hills,advancedrocketry:stormland,biomesoplenty:rainforest,minecraft:swampland,minecraft:extreme_hills</biomeIds>
		</planet>
		<planet name="Sol-42" DIMID="42">
			<isKnown>false</isKnown>
			<fogColor>1.0,1.0,1.0</fogColor>
			<skyColor>0.0,0.7106154,1.0</skyColor>
			<gravitationalMultiplier>130</gravitationalMultiplier>
			<orbitalDistance>187</orbitalDistance>
			<orbitalPhi>-2</orbitalPhi>
			<rotationalPeriod>10923</rotationalPeriod>
			<atmosphereDensity>32</atmosphereDensity>
			<biomeIds>minecraft:desert,minecraft:birch_forest,traverse:thicket,advancedrocketry:deepswamp,traverse:rocky_plains</biomeIds>
			<planet name="Sol-42: 0" DIMID="43">
				<isKnown>false</isKnown>
				<fogColor>1.0,1.0,1.0</fogColor>
				<skyColor>0.030358255,0.97668374,1.0</skyColor>
				<gravitationalMultiplier>85</gravitationalMultiplier>
				<orbitalDistance>166</orbitalDistance>
				<orbitalPhi>-1</orbitalPhi>
				<rotationalPeriod>39079</rotationalPeriod>
				<atmosphereDensity>28</atmosphereDensity>
				<biomeIds>advancedrocketry:stormland,biomesoplenty:moor,biomesoplenty:outback,minecraft:roofed_forest,advancedrocketry:marsh</biomeIds>
			</planet>
			<planet name="Sol-42: 1" DIMID="44">
				<isKnown>false</isKnown>
				<fogColor>1.0,1.0,1.0</fogColor>
				<skyColor>0.33347976,0.871906,1.0</skyColor>
				<gravitationalMultiplier>65</gravitationalMultiplier>
				<orbitalDistance>116</orbitalDistance>
				<orbitalPhi>-4</orbitalPhi>
				<rotationalPeriod>87391</rotationalPeriod>
				<atmosphereDensity>23</atmosphereDensity>
				<seaLevel>76</seaLevel>
				<biomeIds>advancedrocketry:moon,advancedrocketry:moondark</biomeIds>
				<oceanBlock>advancedrocketry:oxygenfluid</oceanBlock>
			</planet>
			<planet name="Sol-42: 2" DIMID="45">
				<isKnown>false</isKnown>
				<fogColor>1.0,1.0,1.0</fogColor>
				<skyColor>0.0,0.84677434,1.0</skyColor>
				<gravitationalMultiplier>42</gravitationalMultiplier>
				<orbitalDistance>191</orbitalDistance>
				<orbitalPhi>-1</orbitalPhi>
				<rotationalPeriod>323939</rotationalPeriod>
				<atmosphereDensity>21</atmosphereDensity>
				<biomeIds>advancedrocketry:moon,advancedrocketry:moondark</biomeIds>
			</planet>
		</planet>
		<planet name="Sol-46" DIMID="46">
			<isKnown>false</isKnown>
			<fogColor>1.0,1.0,1.0</fogColor>
			<skyColor>0.8,0.8873925,0.62798715</skyColor>
			<gravitationalMultiplier>129</gravitationalMultiplier>
			<orbitalDistance>165</orbitalDistance>
			<orbitalPhi>-5</orbitalPhi>
			<rotationalPeriod>11180</rotationalPeriod>
			<atmosphereDensity>170</atmosphereDensity>
			<biomeIds>biomesoplenty:shrubland,biomesoplenty:eucalyptus_forest,biomesoplenty:coral_reef,biomesoplenty:white_beach,biomesoplenty:bamboo_forest,advancedrocketry:crystalchasms,advancedrocketry:space</biomeIds>
			<planet name="Sol-46: 1" DIMID="48">
				<isKnown>false</isKnown>
				<fogColor>1.0,1.0,1.0</fogColor>
				<skyColor>0.18755597,0.6408067,1.0</skyColor>
				<gravitationalMultiplier>42</gravitationalMultiplier>
				<orbitalDistance>129</orbitalDistance>
				<orbitalPhi>0</orbitalPhi>
				<rotationalPeriod>323939</rotationalPeriod>
				<atmosphereDensity>13</atmosphereDensity>
				<biomeIds>advancedrocketry:moon,advancedrocketry:moondark</biomeIds>
			</planet>
			<planet name="Sol-46: 0" DIMID="47">
				<isKnown>false</isKnown>
				<fogColor>1.0,1.0,1.0</fogColor>
				<skyColor>0.0,0.5295479,1.0</skyColor>
				<gravitationalMultiplier>43</gravitationalMultiplier>
				<orbitalDistance>183</orbitalDistance>
				<orbitalPhi>0</orbitalPhi>
				<rotationalPeriod>301860</rotationalPeriod>
				<atmosphereDensity>21</atmosphereDensity>
				<seaLevel>73</seaLevel>
				<biomeIds>advancedrocketry:moon,advancedrocketry:moondark</biomeIds>
				<oceanBlock>advancedrocketry:oxygenfluid</oceanBlock>
			</planet>
			<oceanBlock>minecraft:lava</oceanBlock>
		</planet>
	</star>
	<star name="Epsilon ire" temp="170" x="-200" y="80" size="1.0" numPlanets="0" numGasGiants="0" >
		<planet name="Sol-65" DIMID="65">
			<isKnown>false</isKnown>
			<fogColor>1.0,1.0,1.0</fogColor>
			<skyColor>0.8,0.5260569,0.077391386</skyColor>
			<gravitationalMultiplier>130</gravitationalMultiplier>
			<orbitalDistance>114</orbitalDistance>
			<orbitalPhi>0</orbitalPhi>
			<rotationalPeriod>10923</rotationalPeriod>
			<atmosphereDensity>173</atmosphereDensity>
			<biomeIds>advancedrocketry:hotdryrock</biomeIds>
			<planet name="Sol-65: 0" DIMID="66">
				<isKnown>false</isKnown>
				<fogColor>1.0,1.0,1.0</fogColor>
				<skyColor>0.3660938,0.58641887,1.0</skyColor>
				<gravitationalMultiplier>55</gravitationalMultiplier>
				<orbitalDistance>118</orbitalDistance>
				<orbitalPhi>-9</orbitalPhi>
				<rotationalPeriod>144252</rotationalPeriod>
				<atmosphereDensity>23</atmosphereDensity>
				<biomeIds>advancedrocketry:moon,advancedrocketry:moondark</biomeIds>
			</planet>
			<planet name="Sol-65: 1" DIMID="67">
				<isKnown>false</isKnown>
				<fogColor>1.0,1.0,1.0</fogColor>
				<skyColor>0.48330694,0.656514,1.0</skyColor>
				<gravitationalMultiplier>81</gravitationalMultiplier>
				<orbitalDistance>106</orbitalDistance>
				<orbitalPhi>-2</orbitalPhi>
				<rotationalPeriod>45160</rotationalPeriod>
				<atmosphereDensity>18</atmosphereDensity>
				<seaLevel>76</seaLevel>
				<biomeIds>advancedrocketry:moon,advancedrocketry:moondark</biomeIds>
				<oceanBlock>advancedrocketry:oxygenfluid</oceanBlock>
			</planet>
			<oceanBlock>minecraft:lava</oceanBlock>
		</planet>
		<planet name="Sol-52" DIMID="52">
			<isKnown>false</isKnown>
			<fogColor>1.0,1.0,1.0</fogColor>
			<skyColor>0.8,0.7091784,0.0</skyColor>
			<gravitationalMultiplier>92</gravitationalMultiplier>
			<orbitalDistance>30</orbitalDistance>
			<orbitalPhi>-3</orbitalPhi>
			<rotationalPeriod>30821</rotationalPeriod>
			<atmosphereDensity>142</atmosphereDensity>
			<biomeIds>advancedrocketry:hotdryrock</biomeIds>
			<oceanBlock>minecraft:lava</oceanBlock>
		</planet>
		<planet name="Sol-53" DIMID="53">
			<isKnown>false</isKnown>
			<fogColor>1.0,1.0,1.0</fogColor>
			<skyColor>0.60220075,0.66265976,1.0</skyColor>
			<gravitationalMultiplier>130</gravitationalMultiplier>
			<orbitalDistance>157</orbitalDistance>
			<orbitalPhi>-3</orbitalPhi>
			<rotationalPeriod>10923</rotationalPeriod>
			<atmosphereDensity>78</atmosphereDensity>
			<biomeIds>biomesoplenty:gravel_beach,minecraft:mutated_redwood_taiga,biomesoplenty:wetland,minecraft:deep_ocean,biomesoplenty:grassland</biomeIds>
			<planet name="Sol-53: 0" DIMID="54">
				<isKnown>false</isKnown>
				<fogColor>1.0,1.0,1.0</fogColor>
				<skyColor>0.07061851,0.6683118,1.0</skyColor>
				<gravitationalMultiplier>43</gravitationalMultiplier>
				<orbitalDistance>167</orbitalDistance>
				<orbitalPhi>-2</orbitalPhi>
				<rotationalPeriod>301860</rotationalPeriod>
				<atmosphereDensity>22</atmosphereDensity>
				<seaLevel>50</seaLevel>
				<biomeIds>advancedrocketry:moon,advancedrocketry:moondark</biomeIds>
			</planet>
			<planet name="Sol-53: 1" DIMID="55">
				<isKnown>false</isKnown>
				<fogColor>1.0,1.0,1.0</fogColor>
				<skyColor>0.5873911,0.8641805,1.0</skyColor>
				<gravitationalMultiplier>44</gravitationalMultiplier>
				<orbitalDistance>101</orbitalDistance>
				<orbitalPhi>0</orbitalPhi>
				<rotationalPeriod>281743</rotationalPeriod>
				<atmosphereDensity>26</atmosphereDensity>
				<biomeIds>minecraft:mesa,traverse:green_swamp,biomesoplenty:highland,minecraft:mutated_mesa,traverse:forested_hills</biomeIds>
			</planet>
			<planet name="Sol-53: 2" DIMID="56">
				<isKnown>false</isKnown>
				<fogColor>1.0,1.0,1.0</fogColor>
				<skyColor>0.1535384,0.8993518,1.0</skyColor>
				<gravitationalMultiplier>80</gravitationalMultiplier>
				<orbitalDistance>156</orbitalDistance>
				<orbitalPhi>-3</orbitalPhi>
				<rotationalPeriod>46875</rotationalPeriod>
				<atmosphereDensity>21</atmosphereDensity>
				<biomeIds>advancedrocketry:moon,advancedrocketry:moondark</biomeIds>
			</planet>
		</planet>
		<planet name="Sol-57" DIMID="57">
			<isKnown>false</isKnown>
			<fogColor>1.0,1.0,1.0</fogColor>
			<skyColor>0.0,0.90188485,1.0</skyColor>
			<gravitationalMultiplier>93</gravitationalMultiplier>
			<orbitalDistance>170</orbitalDistance>
			<orbitalPhi>1</orbitalPhi>
			<rotationalPeriod>29837</rotationalPeriod>
			<atmosphereDensity>0</atmosphereDensity>
			<biomeIds>advancedrocketry:moon,advancedrocketry:moondark</biomeIds>
		</planet>
		<planet name="Sol-58" DIMID="58">
			<isKnown>false</isKnown>
			<fogColor>1.0,1.0,1.0</fogColor>
			<skyColor>0.8,0.6704739,0.0</skyColor>
			<gravitationalMultiplier>130</gravitationalMultiplier>
			<orbitalDistance>121</orbitalDistance>
			<orbitalPhi>0</orbitalPhi>
			<rotationalPeriod>10923</rotationalPeriod>
			<atmosphereDensity>191</atmosphereDensity>
			<biomeIds>advancedrocketry:hotdryrock</biomeIds>
			<planet name="Sol-58: 0" DIMID="59">
				<isKnown>false</isKnown>
				<fogColor>1.0,1.0,1.0</fogColor>
				<skyColor>0.33861655,0.6236539,1.0</skyColor>
				<gravitationalMultiplier>58</gravitationalMultiplier>
				<orbitalDistance>128</orbitalDistance>
				<orbitalPhi>0</orbitalPhi>
				<rotationalPeriod>116857</rotationalPeriod>
				<atmosphereDensity>24</atmosphereDensity>
				<biomeIds>advancedrocketry:moon,advancedrocketry:moondark</biomeIds>
			</planet>
			<oceanBlock>minecraft:lava</oceanBlock>
		</planet>
		<planet name="Sol-60" DIMID="60">
			<isKnown>false</isKnown>
			<fogColor>1.0,1.0,1.0</fogColor>
			<skyColor>0.8,0.61014736,0.5874597</skyColor>
			<gravitationalMultiplier>114</gravitationalMultiplier>
			<orbitalDistance>45</orbitalDistance>
			<orbitalPhi>-4</orbitalPhi>
			<rotationalPeriod>16199</rotationalPeriod>
			<atmosphereDensity>64</atmosphereDensity>
			<seaLevel>67</seaLevel>
			<biomeIds>biomesoplenty:kelp_forest,biomesoplenty:moor,fossil:lair of darkness,biomesoplenty:redwood_forest,biomesoplenty:steppe</biomeIds>
			<oceanBlock>minecraft:lava</oceanBlock>
		</planet>
		<planet name="Sol-61" DIMID="61">
			<isKnown>false</isKnown>
			<fogColor>1.0,1.0,1.0</fogColor>
			<skyColor>0.10741085,0.5928055,1.0</skyColor>
			<gravitationalMultiplier>104</gravitationalMultiplier>
			<orbitalDistance>143</orbitalDistance>
			<orbitalPhi>-5</orbitalPhi>
			<rotationalPeriod>20150</rotationalPeriod>
			<atmosphereDensity>10</atmosphereDensity>
			<seaLevel>72</seaLevel>
			<biomeIds>advancedrocketry:moon,advancedrocketry:moondark</biomeIds>
			<planet name="Sol-61: 2" DIMID="64">
				<isKnown>false</isKnown>
				<fogColor>1.0,1.0,1.0</fogColor>
				<skyColor>0.37607604,0.60988563,1.0</skyColor>
				<gravitationalMultiplier>63</gravitationalMultiplier>
				<orbitalDistance>127</orbitalDistance>
				<orbitalPhi>-5</orbitalPhi>
				<rotationalPeriod>95981</rotationalPeriod>
				<atmosphereDensity>33</atmosphereDensity>
				<biomeIds>minecraft:mutated_mesa,biomesoplenty:orchard,minecraft:mutated_forest,biomesoplenty:wetland,minecraft:deep_ocean</biomeIds>
			</planet>
			<planet name="Sol-61: 0" DIMID="62">
				<isKnown>false</isKnown>
				<fogColor>1.0,1.0,1.0</fogColor>
				<skyColor>0.34030128,0.9412491,1.0</skyColor>
				<gravitationalMultiplier>49</gravitationalMultiplier>
				<orbitalDistance>147</orbitalDistance>
				<orbitalPhi>-2</orbitalPhi>
				<rotationalPeriod>203996</rotationalPeriod>
				<atmosphereDensity>37</atmosphereDensity>
				<biomeIds>minecraft:mesa_clear_rock,minecraft:stone_beach,nex:ruthless_sands,minecraft:swampland,biomesoplenty:origin_island</biomeIds>
			</planet>
			<planet name="Sol-61: 1" DIMID="63">
				<isKnown>false</isKnown>
				<fogColor>1.0,1.0,1.0</fogColor>
				<skyColor>0.008864164,0.74933076,1.0</skyColor>
				<gravitationalMultiplier>51</gravitationalMultiplier>
				<orbitalDistance>167</orbitalDistance>
				<orbitalPhi>-2</orbitalPhi>
				<rotationalPeriod>180925</rotationalPeriod>
				<atmosphereDensity>23</atmosphereDensity>
				<biomeIds>advancedrocketry:moon,advancedrocketry:moondark</biomeIds>
			</planet>
			<oceanBlock>advancedrocketry:oxygenfluid</oceanBlock>
		</planet>
	</star>
	<star name="Proxima Centaurs" temp="200" x="-150" y="250" size="1.0" numPlanets="0" numGasGiants="0" >
		<planet name="Sol-68" DIMID="68">
			<isKnown>false</isKnown>
			<fogColor>1.0,1.0,1.0</fogColor>
			<skyColor>0.8,0.6671959,0.0</skyColor>
			<gravitationalMultiplier>130</gravitationalMultiplier>
			<orbitalDistance>52</orbitalDistance>
			<orbitalPhi>2</orbitalPhi>
			<rotationalPeriod>10923</rotationalPeriod>
			<atmosphereDensity>200</atmosphereDensity>
			<biomeIds>advancedrocketry:hotdryrock</biomeIds>
			<planet name="Sol-68: 0" DIMID="69">
				<isKnown>false</isKnown>
				<fogColor>1.0,1.0,1.0</fogColor>
				<skyColor>0.4078598,0.6546446,1.0</skyColor>
				<gravitationalMultiplier>60</gravitationalMultiplier>
				<orbitalDistance>122</orbitalDistance>
				<orbitalPhi>-1</orbitalPhi>
				<rotationalPeriod>111111</rotationalPeriod>
				<atmosphereDensity>30</atmosphereDensity>
				<biomeIds>minecraft:mutated_savanna,biomesoplenty:quagmire,biomesoplenty:prairie,minecraft:mutated_birch_forest,fossil:lair of darkness</biomeIds>
			</planet>
			<planet name="Sol-68: 1" DIMID="70">
				<isKnown>false</isKnown>
				<fogColor>1.0,1.0,1.0</fogColor>
				<skyColor>0.16256946,0.56061137,1.0</skyColor>
				<gravitationalMultiplier>57</gravitationalMultiplier>
				<orbitalDistance>143</orbitalDistance>
				<orbitalPhi>-5</orbitalPhi>
				<rotationalPeriod>129594</rotationalPeriod>
				<atmosphereDensity>17</atmosphereDensity>
				<biomeIds>advancedrocketry:moon,advancedrocketry:moondark</biomeIds>
			</planet>
			<planet name="Sol-68: 2" DIMID="71">
				<isKnown>false</isKnown>
				<fogColor>1.0,1.0,1.0</fogColor>
				<skyColor>0.57391536,0.7953465,1.0</skyColor>
				<gravitationalMultiplier>51</gravitationalMultiplier>
				<orbitalDistance>101</orbitalDistance>
				<orbitalPhi>-5</orbitalPhi>
				<rotationalPeriod>180925</rotationalPeriod>
				<atmosphereDensity>26</atmosphereDensity>
				<biomeIds>biomesoplenty:cherry_blossom_grove,minecraft:stone_beach,traverse:badlands,minecraft:mesa_rock,minecraft:mutated_redwood_taiga</biomeIds>
			</planet>
			<oceanBlock>minecraft:lava</oceanBlock>
		</planet>
		<planet name="Sol-72" DIMID="72">
			<isKnown>false</isKnown>
			<fogColor>1.0,1.0,1.0</fogColor>
			<skyColor>0.6915674,0.84362173,1.0</skyColor>
			<gravitationalMultiplier>112</gravitationalMultiplier>
			<orbitalDistance>160</orbitalDistance>
			<orbitalPhi>-1</orbitalPhi>
			<rotationalPeriod>17082</rotationalPeriod>
			<atmosphereDensity>84</atmosphereDensity>
			<biomeIds>minecraft:ice_flats</biomeIds>
			<planet name="Sol-72: 0" DIMID="73">
				<isKnown>false</isKnown>
				<fogColor>1.0,1.0,1.0</fogColor>
				<skyColor>0.18854558,0.7512936,1.0</skyColor>
				<gravitationalMultiplier>50</gravitationalMultiplier>
				<orbitalDistance>152</orbitalDistance>
				<orbitalPhi>1</orbitalPhi>
				<rotationalPeriod>192000</rotationalPeriod>
				<atmosphereDensity>26</atmosphereDensity>
				<biomeIds>traverse:lush_hills,biomesoplenty:eucalyptus_forest,minecraft:jungle,biomesoplenty:tropical_island,minecraft:savanna_rock</biomeIds>
			</planet>
			<planet name="Sol-72: 1" DIMID="74">
				<isKnown>false</isKnown>
				<fogColor>1.0,1.0,1.0</fogColor>
				<skyColor>0.47641635,0.58013594,1.0</skyColor>
				<gravitationalMultiplier>48</gravitationalMultiplier>
				<orbitalDistance>112</orbitalDistance>
				<orbitalPhi>-1</orbitalPhi>
				<rotationalPeriod>217013</rotationalPeriod>
				<atmosphereDensity>21</atmosphereDensity>
				<biomeIds>advancedrocketry:moon,advancedrocketry:moondark</biomeIds>
			</planet>
		</planet>
		<planet name="Sol-75" DIMID="75">
			<isKnown>false</isKnown>
			<fogColor>1.0,1.0,1.0</fogColor>
			<skyColor>0.31505913,0.7411768,1.0</skyColor>
			<gravitationalMultiplier>109</gravitationalMultiplier>
			<orbitalDistance>200</orbitalDistance>
			<orbitalPhi>3</orbitalPhi>
			<rotationalPeriod>18532</rotationalPeriod>
			<atmosphereDensity>75</atmosphereDensity>
			<biomeIds>minecraft:jungle_edge,minecraft:mesa,traverse:rocky_plateau,biomesoplenty:kelp_forest,biomesoplenty:volcanic_island</biomeIds>
			<planet name="Sol-75: 0" DIMID="76">
				<isKnown>false</isKnown>
				<fogColor>1.0,1.0,1.0</fogColor>
				<skyColor>0.14043552,0.53364706,1.0</skyColor>
				<gravitationalMultiplier>30</gravitationalMultiplier>
				<orbitalDistance>144</orbitalDistance>
				<orbitalPhi>-6</orbitalPhi>
				<rotationalPeriod>888888</rotationalPeriod>
				<atmosphereDensity>15</atmosphereDensity>
				<seaLevel>75</seaLevel>
				<biomeIds>advancedrocketry:moon,advancedrocketry:moondark</biomeIds>
				<oceanBlock>advancedrocketry:oxygenfluid</oceanBlock>
			</planet>
			<planet name="Sol-75: 1" DIMID="77">
				<isKnown>false</isKnown>
				<fogColor>1.0,1.0,1.0</fogColor>
				<skyColor>0.61451733,0.66304195,1.0</skyColor>
				<gravitationalMultiplier>73</gravitationalMultiplier>
				<orbitalDistance>103</orbitalDistance>
				<orbitalPhi>-3</orbitalPhi>
				<rotationalPeriod>61693</rotationalPeriod>
				<atmosphereDensity>31</atmosphereDensity>
				<biomeIds>biomesoplenty:phantasmagoric_inferno,biomesoplenty:marsh,minecraft:mutated_mesa_rock,traverse:woodlands,biomesoplenty:shrubland</biomeIds>
			</planet>
		</planet>
	</star>
	<star name="Magnis Vulpes" temp="70" x="-150" y="-250" size="1.0" numPlanets="0" numGasGiants="0" >
		<planet name="Sol-82" DIMID="82">
			<isKnown>false</isKnown>
			<fogColor>1.0,1.0,1.0</fogColor>
			<skyColor>0.8,0.7964548,0.43570262</skyColor>
			<gravitationalMultiplier>113</gravitationalMultiplier>
			<orbitalDistance>83</orbitalDistance>
			<orbitalPhi>-3</orbitalPhi>
			<rotationalPeriod>16633</rotationalPeriod>
			<atmosphereDensity>113</atmosphereDensity>
			<biomeIds>minecraft:mushroom_island</biomeIds>
			<planet name="Sol-82: 0" DIMID="83">
				<isKnown>false</isKnown>
				<fogColor>1.0,1.0,1.0</fogColor>
				<skyColor>0.01820308,0.8475592,1.0</skyColor>
				<gravitationalMultiplier>38</gravitationalMultiplier>
				<orbitalDistance>180</orbitalDistance>
				<orbitalPhi>3</orbitalPhi>
				<rotationalPeriod>437381</rotationalPeriod>
				<atmosphereDensity>31</atmosphereDensity>
				<biomeIds>traverse:mountainous_desert,minecraft:mutated_forest,biomesoplenty:land_of_lakes,traverse:birch_forested_hills,advancedrocketry:oceanspires</biomeIds>
			</planet>
			<planet name="Sol-82: 1" DIMID="84">
				<isKnown>false</isKnown>
				<fogColor>1.0,1.0,1.0</fogColor>
				<skyColor>0.23363888,0.54722214,1.0</skyColor>
				<gravitationalMultiplier>71</gravitationalMultiplier>
				<orbitalDistance>150</orbitalDistance>
				<orbitalPhi>-4</orbitalPhi>
				<rotationalPeriod>67055</rotationalPeriod>
				<atmosphereDensity>37</atmosphereDensity>
				<biomeIds>biomesoplenty:gravel_beach,nex:ruthless_sands,biomesoplenty:corrupted_sands,minecraft:mutated_desert,minecraft:mutated_savanna_rock</biomeIds>
			</planet>
			<planet name="Sol-82: 2" DIMID="85">
				<isKnown>false</isKnown>
				<fogColor>1.0,1.0,1.0</fogColor>
				<skyColor>0.62620825,0.83691335,1.0</skyColor>
				<gravitationalMultiplier>68</gravitationalMultiplier>
				<orbitalDistance>100</orbitalDistance>
				<orbitalPhi>-1</orbitalPhi>
				<rotationalPeriod>76328</rotationalPeriod>
				<atmosphereDensity>36</atmosphereDensity>
				<biomeIds>biomesoplenty:origin_island,biomesoplenty:chaparral,biomesoplenty:rainforest,minecraft:ocean,minecraft:stone_beach</biomeIds>
			</planet>
			<oceanBlock>minecraft:lava</oceanBlock>
		</planet>
		<planet name="Sol-78" DIMID="78">
			<isKnown>false</isKnown>
			<fogColor>1.0,1.0,1.0</fogColor>
			<skyColor>0.8,0.53007025,0.0</skyColor>
			<gravitationalMultiplier>130</gravitationalMultiplier>
			<orbitalDistance>20</orbitalDistance>
			<orbitalPhi>-8</orbitalPhi>
			<rotationalPeriod>10923</rotationalPeriod>
			<atmosphereDensity>200</atmosphereDensity>
			<biomeIds>advancedrocketry:hotdryrock</biomeIds>
			<planet name="Sol-78: 1" DIMID="80">
				<isKnown>false</isKnown>
				<fogColor>1.0,1.0,1.0</fogColor>
				<skyColor>0.045445383,0.7247461,1.0</skyColor>
				<gravitationalMultiplier>47</gravitationalMultiplier>
				<orbitalDistance>170</orbitalDistance>
				<orbitalPhi>-1</orbitalPhi>
				<rotationalPeriod>231162</rotationalPeriod>
				<atmosphereDensity>27</atmosphereDensity>
				<biomeIds>minecraft:mutated_mesa_clear_rock,minecraft:mutated_jungle,biomesoplenty:wasteland,minecraft:extreme_hills_with_trees,minecraft:mutated_jungle_edge</biomeIds>
			</planet>
			<planet name="Sol-78: 2" DIMID="81">
				<isKnown>false</isKnown>
				<fogColor>1.0,1.0,1.0</fogColor>
				<skyColor>0.5903249,0.7074281,1.0</skyColor>
				<gravitationalMultiplier>63</gravitationalMultiplier>
				<orbitalDistance>100</orbitalDistance>
				<orbitalPhi>-4</orbitalPhi>
				<rotationalPeriod>95981</rotationalPeriod>
				<atmosphereDensity>34</atmosphereDensity>
				<biomeIds>minecraft:extreme_hills,biomesoplenty:mystic_grove,biomesoplenty:mountain,traverse:lush_hills,minecraft:mesa_clear_rock</biomeIds>
			</planet>
			<planet name="Sol-78: 0" DIMID="79">
				<isKnown>false</isKnown>
				<fogColor>1.0,1.0,1.0</fogColor>
				<skyColor>0.06306785,0.8186346,1.0</skyColor>
				<gravitationalMultiplier>76</gravitationalMultiplier>
				<orbitalDistance>150</orbitalDistance>
				<orbitalPhi>-3</orbitalPhi>
				<rotationalPeriod>54672</rotationalPeriod>
				<atmosphereDensity>15</atmosphereDensity>
				<biomeIds>advancedrocketry:moon,advancedrocketry:moondark</biomeIds>
			</planet>
			<oceanBlock>minecraft:lava</oceanBlock>
		</planet>
	</star>
	<star name="Ma-Roo" temp="200" x="50" y="-250" size="1.0" numPlanets="0" numGasGiants="0" >
		<planet name="Sol-86" DIMID="86">
			<isKnown>false</isKnown>
			<fogColor>1.0,1.0,1.0</fogColor>
			<skyColor>0.8,0.954931,0.0</skyColor>
			<gravitationalMultiplier>101</gravitationalMultiplier>
			<orbitalDistance>6</orbitalDistance>
			<orbitalPhi>-4</orbitalPhi>
			<rotationalPeriod>23294</rotationalPeriod>
			<atmosphereDensity>140</atmosphereDensity>
			<seaLevel>73</seaLevel>
			<biomeIds>advancedrocketry:hotdryrock</biomeIds>
			<planet name="Sol-86: 0" DIMID="87">
				<isKnown>false</isKnown>
				<fogColor>1.0,1.0,1.0</fogColor>
				<skyColor>0.018366218,0.73595774,1.0</skyColor>
				<gravitationalMultiplier>50</gravitationalMultiplier>
				<orbitalDistance>181</orbitalDistance>
				<orbitalPhi>2</orbitalPhi>
				<rotationalPeriod>192000</rotationalPeriod>
				<atmosphereDensity>27</atmosphereDensity>
				<biomeIds>traverse:thicket,biomesoplenty:moor,minecraft:plains,biomesoplenty:wasteland,biomesoplenty:highland</biomeIds>
			</planet>
			<planet name="Sol-86: 1" DIMID="88">
				<isKnown>false</isKnown>
				<fogColor>1.0,1.0,1.0</fogColor>
				<skyColor>0.0,0.8417524,1.0</skyColor>
				<gravitationalMultiplier>49</gravitationalMultiplier>
				<orbitalDistance>189</orbitalDistance>
				<orbitalPhi>0</orbitalPhi>
				<rotationalPeriod>203996</rotationalPeriod>
				<atmosphereDensity>33</atmosphereDensity>
				<biomeIds>biomesoplenty:quagmire,traverse:thicket,advancedrocketry:marsh,biomesoplenty:prairie,biomesoplenty:rainforest</biomeIds>
			</planet>
			<planet name="Sol-86: 2" DIMID="89">
				<isKnown>false</isKnown>
				<fogColor>1.0,1.0,1.0</fogColor>
				<skyColor>0.031677783,0.86951566,1.0</skyColor>
				<gravitationalMultiplier>27</gravitationalMultiplier>
				<orbitalDistance>168</orbitalDistance>
				<orbitalPhi>2</orbitalPhi>
				<rotationalPeriod>1219326</rotationalPeriod>
				<atmosphereDensity>20</atmosphereDensity>
				<biomeIds>advancedrocketry:moon,advancedrocketry:moondark</biomeIds>
			</planet>
			<oceanBlock>minecraft:lava</oceanBlock>
		</planet>
		<planet name="Sol-90" DIMID="90">
			<isKnown>false</isKnown>
			<fogColor>1.0,1.0,1.0</fogColor>
			<skyColor>0.8,0.96071035,1.0</skyColor>
			<gravitationalMultiplier>116</gravitationalMultiplier>
			<orbitalDistance>84</orbitalDistance>
			<orbitalPhi>-1</orbitalPhi>
			<rotationalPeriod>15375</rotationalPeriod>
			<atmosphereDensity>51</atmosphereDensity>
			<biomeIds>biomesoplenty:moor,biomesoplenty:meadow,biomesoplenty:flower_field,minecraft:frozen_ocean,traverse:autumnal_wooded_hills</biomeIds>
		</planet>
		<planet name="Sol-91" DIMID="91">
			<isKnown>false</isKnown>
			<fogColor>1.0,1.0,1.0</fogColor>
			<skyColor>0.60464394,0.61109734,1.0</skyColor>
			<gravitationalMultiplier>130</gravitationalMultiplier>
			<orbitalDistance>150</orbitalDistance>
			<orbitalPhi>-6</orbitalPhi>
			<rotationalPeriod>10923</rotationalPeriod>
			<atmosphereDensity>72</atmosphereDensity>
			<biomeIds>minecraft:savanna_rock,minecraft:mutated_swampland,minecraft:ocean,traverse:mountainous_desert,minecraft:forest_hills</biomeIds>
			<planet name="Sol-91: 0" DIMID="92">
				<isKnown>false</isKnown>
				<fogColor>1.0,1.0,1.0</fogColor>
				<skyColor>0.0,0.5967381,1.0</skyColor>
				<gravitationalMultiplier>66</gravitationalMultiplier>
				<orbitalDistance>195</orbitalDistance>
				<orbitalPhi>2</orbitalPhi>
				<rotationalPeriod>83479</rotationalPeriod>
				<atmosphereDensity>15</atmosphereDensity>
				<biomeIds>advancedrocketry:moon,advancedrocketry:moondark</biomeIds>
			</planet>
		</planet>
		<planet name="Sol-93" DIMID="93">
			<isKnown>false</isKnown>
			<fogColor>1.0,1.0,1.0</fogColor>
			<skyColor>0.8,0.76378417,0.09798974</skyColor>
			<gravitationalMultiplier>89</gravitationalMultiplier>
			<orbitalDistance>75</orbitalDistance>
			<orbitalPhi>-6</orbitalPhi>
			<rotationalPeriod>34044</rotationalPeriod>
			<atmosphereDensity>140</atmosphereDensity>
			<seaLevel>48</seaLevel>
			<biomeIds>advancedrocketry:hotdryrock</biomeIds>
			<oceanBlock>minecraft:lava</oceanBlock>
		</planet>
		<planet name="Sol-94" DIMID="94">
			<isKnown>false</isKnown>
			<fogColor>1.0,1.0,1.0</fogColor>
			<skyColor>0.8,0.691193,0.47256738</skyColor>
			<gravitationalMultiplier>93</gravitationalMultiplier>
			<orbitalDistance>86</orbitalDistance>
			<orbitalPhi>1</orbitalPhi>
			<rotationalPeriod>29837</rotationalPeriod>
			<atmosphereDensity>105</atmosphereDensity>
			<biomeIds>minecraft:desert_hills,biomesoplenty:grove,traverse:woodlands,minecraft:forest,traverse:birch_forested_hills</biomeIds>
			<oceanBlock>minecraft:lava</oceanBlock>
		</planet>
		<planet name="Sol-95" DIMID="95">
			<isKnown>false</isKnown>
			<fogColor>1.0,1.0,1.0</fogColor>
			<skyColor>0.49664092,0.619855,1.0</skyColor>
			<gravitationalMultiplier>99</gravitationalMultiplier>
			<orbitalDistance>116</orbitalDistance>
			<orbitalPhi>-3</orbitalPhi>
			<rotationalPeriod>24734</rotationalPeriod>
			<atmosphereDensity>26</atmosphereDensity>
			<biomeIds>minecraft:mutated_savanna_rock,minecraft:birch_forest_hills,biomesoplenty:phantasmagoric_inferno,biomesoplenty:highland,minecraft:mutated_birch_forest</biomeIds>
		</planet>
	</star>
	<star name="Alykitt" temp="120" x="75" y="200" size="1.0" numPlanets="0" numGasGiants="0" >
		<planet name="Sol-96" DIMID="96">
			<isKnown>false</isKnown>
			<GasGiant>true</GasGiant>
			<gas>oxygen</gas>
			<gas>hydrogen</gas>
			<gas>nitrogen</gas>
			<fogColor>1.0,1.0,1.0</fogColor>
			<skyColor>1.0,1.0,1.0</skyColor>
			<gravitationalMultiplier>116</gravitationalMultiplier>
			<orbitalDistance>200</orbitalDistance>
			<orbitalPhi>0</orbitalPhi>
			<rotationalPeriod>24000</rotationalPeriod>
			<atmosphereDensity>186</atmosphereDensity>
			<planet name="Sol-96: 0" DIMID="97">
				<isKnown>false</isKnown>
				<fogColor>1.0,1.0,1.0</fogColor>
				<skyColor>0.0,0.98153436,1.0</skyColor>
				<gravitationalMultiplier>41</gravitationalMultiplier>
				<orbitalDistance>192</orbitalDistance>
				<orbitalPhi>0</orbitalPhi>
				<rotationalPeriod>348224</rotationalPeriod>
				<atmosphereDensity>17</atmosphereDensity>
				<biomeIds>advancedrocketry:moon,advancedrocketry:moondark</biomeIds>
			</planet>
			<planet name="Sol-96: 1" DIMID="98">
				<isKnown>false</isKnown>
				<fogColor>1.0,1.0,1.0</fogColor>
				<skyColor>0.2893963,0.787336,1.0</skyColor>
				<gravitationalMultiplier>48</gravitationalMultiplier>
				<orbitalDistance>149</orbitalDistance>
				<orbitalPhi>-4</orbitalPhi>
				<rotationalPeriod>217013</rotationalPeriod>
				<atmosphereDensity>37</atmosphereDensity>
				<biomeIds>minecraft:birch_forest_hills,biomesoplenty:outback,biomesoplenty:coral_reef,nex:ruthless_sands,minecraft:stone_beach</biomeIds>
			</planet>
			<planet name="Sol-96: 2" DIMID="99">
				<isKnown>false</isKnown>
				<fogColor>1.0,1.0,1.0</fogColor>
				<skyColor>0.0,0.5188691,1.0</skyColor>
				<gravitationalMultiplier>66</gravitationalMultiplier>
				<orbitalDistance>194</orbitalDistance>
				<orbitalPhi>2</orbitalPhi>
				<rotationalPeriod>83479</rotationalPeriod>
				<atmosphereDensity>14</atmosphereDensity>
				<biomeIds>advancedrocketry:moon,advancedrocketry:moondark</biomeIds>
			</planet>
			<planet name="Sol-96: 3" DIMID="100">
				<isKnown>false</isKnown>
				<fogColor>1.0,1.0,1.0</fogColor>
				<skyColor>0.011857748,0.61451817,1.0</skyColor>
				<gravitationalMultiplier>38</gravitationalMultiplier>
				<orbitalDistance>158</orbitalDistance>
				<orbitalPhi>-1</orbitalPhi>
				<rotationalPeriod>437381</rotationalPeriod>
				<atmosphereDensity>18</atmosphereDensity>
				<seaLevel>62</seaLevel>
				<biomeIds>advancedrocketry:moon,advancedrocketry:moondark</biomeIds>
			</planet>
			<planet name="Sol-96: 4" DIMID="101">
				<isKnown>false</isKnown>
				<fogColor>1.0,1.0,1.0</fogColor>
				<skyColor>0.0,0.65385175,1.0</skyColor>
				<gravitationalMultiplier>49</gravitationalMultiplier>
				<orbitalDistance>174</orbitalDistance>
				<orbitalPhi>-3</orbitalPhi>
				<rotationalPeriod>203996</rotationalPeriod>
				<atmosphereDensity>26</atmosphereDensity>
				<biomeIds>biomesoplenty:origin_island,minecraft:mushroom_island_shore,minecraft:birch_forest,biomesoplenty:wasteland,minecraft:extreme_hills_with_trees</biomeIds>
			</planet>
			<planet name="Sol-96: 5" DIMID="102">
				<isKnown>false</isKnown>
				<fogColor>1.0,1.0,1.0</fogColor>
				<skyColor>0.3936656,0.7258327,1.0</skyColor>
				<gravitationalMultiplier>72</gravitationalMultiplier>
				<orbitalDistance>134</orbitalDistance>
				<orbitalPhi>6</orbitalPhi>
				<rotationalPeriod>64300</rotationalPeriod>
				<atmosphereDensity>34</atmosphereDensity>
				<biomeIds>biomesoplenty:mystic_grove,biomesoplenty:xeric_shrubland,advancedrocketry:alien forest,biomesoplenty:overgrown_cliffs,minecraft:desert</biomeIds>
			</planet>
		</planet>
		<planet name="Sol-103" DIMID="103">
			<isKnown>false</isKnown>
			<fogColor>1.0,1.0,1.0</fogColor>
			<skyColor>0.8,0.5840961,0.0</skyColor>
			<gravitationalMultiplier>97</gravitationalMultiplier>
			<orbitalDistance>52</orbitalDistance>
			<orbitalPhi>-5</orbitalPhi>
			<rotationalPeriod>26296</rotationalPeriod>
			<atmosphereDensity>200</atmosphereDensity>
			<biomeIds>advancedrocketry:hotdryrock</biomeIds>
			<oceanBlock>minecraft:lava</oceanBlock>
		</planet>
		<planet name="Sol-104" DIMID="104">
			<isKnown>false</isKnown>
			<fogColor>1.0,1.0,1.0</fogColor>
			<skyColor>0.8,0.76920575,0.58836126</skyColor>
			<gravitationalMultiplier>111</gravitationalMultiplier>
			<orbitalDistance>137</orbitalDistance>
			<orbitalPhi>2</orbitalPhi>
			<rotationalPeriod>17548</rotationalPeriod>
			<atmosphereDensity>142</atmosphereDensity>
			<biomeIds>biomesoplenty:tropical_rainforest,biomesoplenty:quagmire,traverse:rocky_plateau,biomesoplenty:grassland,advancedrocketry:marsh,advancedrocketry:crystalchasms,advancedrocketry:space</biomeIds>
			<planet name="Sol-104: 0" DIMID="105">
				<isKnown>false</isKnown>
				<fogColor>1.0,1.0,1.0</fogColor>
				<skyColor>0.0,0.6211591,1.0</skyColor>
				<gravitationalMultiplier>38</gravitationalMultiplier>
				<orbitalDistance>171</orbitalDistance>
				<orbitalPhi>-3</orbitalPhi>
				<rotationalPeriod>437381</rotationalPeriod>
				<atmosphereDensity>26</atmosphereDensity>
				<biomeIds>minecraft:beaches,biomesoplenty:visceral_heap,minecraft:mutated_savanna,biomesoplenty:phantasmagoric_inferno,biomesoplenty:mangrove</biomeIds>
			</planet>
			<planet name="Sol-104: 1" DIMID="106">
				<isKnown>false</isKnown>
				<fogColor>1.0,1.0,1.0</fogColor>
				<skyColor>3.297329E-4,0.67600036,1.0</skyColor>
				<gravitationalMultiplier>77</gravitationalMultiplier>
				<orbitalDistance>188</orbitalDistance>
				<orbitalPhi>-7</orbitalPhi>
				<rotationalPeriod>52570</rotationalPeriod>
				<atmosphereDensity>34</atmosphereDensity>
				<seaLevel>56</seaLevel>
				<biomeIds>biomesoplenty:bamboo_forest,biomesoplenty:undergarden,minecraft:ocean,traverse:thicket,minecraft:mutated_redwood_taiga</biomeIds>
			</planet>
			<oceanBlock>minecraft:lava</oceanBlock>
		</planet>
		<planet name="Sol-107" DIMID="107">
			<isKnown>false</isKnown>
			<fogColor>1.0,1.0,1.0</fogColor>
			<skyColor>0.28420228,0.798154,1.0</skyColor>
			<gravitationalMultiplier>107</gravitationalMultiplier>
			<orbitalDistance>200</orbitalDistance>
			<orbitalPhi>-2</orbitalPhi>
			<rotationalPeriod>19591</rotationalPeriod>
			<atmosphereDensity>78</atmosphereDensity>
			<biomeIds>minecraft:savanna_rock,minecraft:smaller_extreme_hills,biomesoplenty:redwood_forest,biomesoplenty:phantasmagoric_inferno,biomesoplenty:volcanic_island</biomeIds>
			<planet name="Sol-107: 0" DIMID="108">
				<isKnown>false</isKnown>
				<fogColor>1.0,1.0,1.0</fogColor>
				<skyColor>0.58130574,0.5416889,1.0</skyColor>
				<gravitationalMultiplier>61</gravitationalMultiplier>
				<orbitalDistance>101</orbitalDistance>
				<orbitalPhi>-4</orbitalPhi>
				<rotationalPeriod>105735</rotationalPeriod>
				<atmosphereDensity>32</atmosphereDensity>
				<biomeIds>minecraft:ice_flats</biomeIds>
			</planet>
		</planet>
	</star>
</galaxy>