<galaxy>
	<star name="Sol" temp="100" x="0" y="0" size="1.0" numPlanets="0" numGasGiants="0" >
		<planet name="Earth" DIMID="0" dimMapping="">
			<isKnown>true</isKnown>
			<fogColor>1.0,1.0,1.0</fogColor>
			<skyColor>1.0,1.0,1.0</skyColor>
			<gravitationalMultiplier>100</gravitationalMultiplier>
			<orbitalDistance>100</orbitalDistance>
			<orbitalPhi>0</orbitalPhi>
			<rotationalPeriod>24000</rotationalPeriod>
			<atmosphereDensity>100</atmosphereDensity>
			<planet name="Luna" DIMID="2">
				<isKnown>false</isKnown>
				<fogColor>1.0,1.0,1.0</fogColor>
				<skyColor>1.0,1.0,1.0</skyColor>
				<gravitationalMultiplier>16</gravitationalMultiplier>
				<orbitalDistance>150</orbitalDistance>
				<orbitalPhi>0</orbitalPhi>
				<rotationalPeriod>128000</rotationalPeriod>
				<atmosphereDensity>0</atmosphereDensity>
				<biomeIds>advancedrocketry:moon,advancedrocketry:moondark</biomeIds>
			</planet>
		</planet>
		<planet name="Sol-17" DIMID="17">
			<isKnown>false</isKnown>
			<fogColor>1.0,1.0,1.0</fogColor>
			<skyColor>0.8,0.63133216,0.3114612</skyColor>
			<gravitationalMultiplier>130</gravitationalMultiplier>
			<orbitalDistance>155</orbitalDistance>
			<orbitalPhi>-5</orbitalPhi>
			<rotationalPeriod>10923</rotationalPeriod>
			<atmosphereDensity>187</atmosphereDensity>
			<biomeIds>minecraft:frozen_ocean,minecraft:deep_ocean,minecraft:ocean,biomesoplenty:xeric_shrubland,nex:torrid_wasteland,advancedrocketry:deepswamp,advancedrocketry:stormland</biomeIds>
			<planet name="Sol-17: 0" DIMID="18">
				<isKnown>false</isKnown>
				<fogColor>1.0,1.0,1.0</fogColor>
				<skyColor>0.09698981,0.83470833,1.0</skyColor>
				<gravitationalMultiplier>88</gravitationalMultiplier>
				<orbitalDistance>148</orbitalDistance>
				<orbitalPhi>1</orbitalPhi>
				<rotationalPeriod>35217</rotationalPeriod>
				<atmosphereDensity>20</atmosphereDensity>
				<biomeIds>advancedrocketry:moon,advancedrocketry:moondark</biomeIds>
			</planet>
			<oceanBlock>minecraft:lava</oceanBlock>
		</planet>
		<planet name="Sol-19" DIMID="19">
			<isKnown>false</isKnown>
			<fogColor>1.0,1.0,1.0</fogColor>
			<skyColor>0.8,0.64834404,0.0</skyColor>
			<gravitationalMultiplier>130</gravitationalMultiplier>
			<orbitalDistance>16</orbitalDistance>
			<orbitalPhi>-1</orbitalPhi>
			<rotationalPeriod>10923</rotationalPeriod>
			<atmosphereDensity>114</atmosphereDensity>
			<biomeIds>advancedrocketry:hotdryrock</biomeIds>
			<oceanBlock>minecraft:lava</oceanBlock>
		</planet>
		<planet name="Sol-3" DIMID="3">
			<isKnown>false</isKnown>
			<GasGiant>true</GasGiant>
			<gas>hydrogen</gas>
			<gas>nitrogen</gas>
			<gas>oxygen</gas>
			<fogColor>1.0,1.0,1.0</fogColor>
			<skyColor>1.0,1.0,1.0</skyColor>
			<gravitationalMultiplier>104</gravitationalMultiplier>
			<orbitalDistance>183</orbitalDistance>
			<orbitalPhi>0</orbitalPhi>
			<rotationalPeriod>24000</rotationalPeriod>
			<atmosphereDensity>105</atmosphereDensity>
			<planet name="Sol-3: 0" DIMID="4">
				<isKnown>false</isKnown>
				<fogColor>1.0,1.0,1.0</fogColor>
				<skyColor>0.0,0.7789056,1.0</skyColor>
				<gravitationalMultiplier>44</gravitationalMultiplier>
				<orbitalDistance>192</orbitalDistance>
				<orbitalPhi>0</orbitalPhi>
				<rotationalPeriod>281743</rotationalPeriod>
				<atmosphereDensity>31</atmosphereDensity>
				<biomeIds>minecraft:mutated_savanna,biomesoplenty:cherry_blossom_grove,fossil:treasure,minecraft:swampland,traverse:autumnal_wooded_hills</biomeIds>
			</planet>
			<planet name="Sol-3: 1" DIMID="5">
				<isKnown>false</isKnown>
				<fogColor>1.0,1.0,1.0</fogColor>
				<skyColor>0.33538854,0.6791198,1.0</skyColor>
				<gravitationalMultiplier>76</gravitationalMultiplier>
				<orbitalDistance>131</orbitalDistance>
				<orbitalPhi>0</orbitalPhi>
				<rotationalPeriod>54672</rotationalPeriod>
				<atmosphereDensity>35</atmosphereDensity>
				<biomeIds>minecraft:mutated_swampland,biomesoplenty:shrubland,biomesoplenty:origin_island,minecraft:mesa_clear_rock,minecraft:savanna_rock</biomeIds>
			</planet>
			<planet name="Sol-3: 2" DIMID="6">
				<isKnown>false</isKnown>
				<fogColor>1.0,1.0,1.0</fogColor>
				<skyColor>0.40093118,0.8654904,1.0</skyColor>
				<gravitationalMultiplier>51</gravitationalMultiplier>
				<orbitalDistance>112</orbitalDistance>
				<orbitalPhi>-2</orbitalPhi>
				<rotationalPeriod>180925</rotationalPeriod>
				<atmosphereDensity>27</atmosphereDensity>
				<biomeIds>biomesoplenty:origin_beach,minecraft:savanna,minecraft:jungle_edge,traverse:lush_hills,biomesoplenty:bayou</biomeIds>
			</planet>
			<planet name="Sol-3: 3" DIMID="7">
				<isKnown>false</isKnown>
				<fogColor>1.0,1.0,1.0</fogColor>
				<skyColor>0.4610687,0.66877115,1.0</skyColor>
				<gravitationalMultiplier>31</gravitationalMultiplier>
				<orbitalDistance>99</orbitalDistance>
				<orbitalPhi>-5</orbitalPhi>
				<rotationalPeriod>805612</rotationalPeriod>
				<atmosphereDensity>20</atmosphereDensity>
				<biomeIds>advancedrocketry:moon,advancedrocketry:moondark</biomeIds>
			</planet>
			<planet name="Sol-3: 4" DIMID="8">
				<isKnown>false</isKnown>
				<fogColor>1.0,1.0,1.0</fogColor>
				<skyColor>0.5405549,0.9303444,1.0</skyColor>
				<gravitationalMultiplier>43</gravitationalMultiplier>
				<orbitalDistance>104</orbitalDistance>
				<orbitalPhi>0</orbitalPhi>
				<rotationalPeriod>301860</rotationalPeriod>
				<atmosphereDensity>31</atmosphereDensity>
				<biomeIds>biomesoplenty:mountain_foothills,traverse:temperate_rainforest,minecraft:mutated_mesa_clear_rock,minecraft:savanna,biomesoplenty:grove</biomeIds>
			</planet>
			<planet name="Sol-3: 5" DIMID="9">
				<isKnown>false</isKnown>
				<fogColor>1.0,1.0,1.0</fogColor>
				<skyColor>0.36032867,0.83897924,1.0</skyColor>
				<gravitationalMultiplier>61</gravitationalMultiplier>
				<orbitalDistance>124</orbitalDistance>
				<orbitalPhi>-7</orbitalPhi>
				<rotationalPeriod>105735</rotationalPeriod>
				<atmosphereDensity>26</atmosphereDensity>
				<biomeIds>biomesoplenty:marsh,biomesoplenty:gravel_beach,biomesoplenty:land_of_lakes,biomesoplenty:cherry_blossom_grove,minecraft:mutated_savanna_rock</biomeIds>
			</planet>
			<planet name="Sol-3: 6" DIMID="10">
				<isKnown>false</isKnown>
				<fogColor>1.0,1.0,1.0</fogColor>
				<skyColor>0.22961986,0.7708845,1.0</skyColor>
				<gravitationalMultiplier>64</gravitationalMultiplier>
				<orbitalDistance>148</orbitalDistance>
				<orbitalPhi>-5</orbitalPhi>
				<rotationalPeriod>91552</rotationalPeriod>
				<atmosphereDensity>30</atmosphereDensity>
				<biomeIds>biomesoplenty:lavender_fields,biomesoplenty:origin_beach,biomesoplenty:outback,biomesoplenty:wasteland,traverse:red_desert</biomeIds>
			</planet>
		</planet>
		<planet name="Sol-20" DIMID="20">
			<isKnown>false</isKnown>
			<fogColor>1.0,1.0,1.0</fogColor>
			<skyColor>0.5294278,0.69351137,1.0</skyColor>
			<gravitationalMultiplier>130</gravitationalMultiplier>
			<orbitalDistance>107</orbitalDistance>
			<orbitalPhi>-5</orbitalPhi>
			<rotationalPeriod>10923</rotationalPeriod>
			<atmosphereDensity>31</atmosphereDensity>
			<biomeIds>minecraft:savanna,nex:fungi_forest,traverse:desert_shrubland,minecraft:mutated_birch_forest,biomesoplenty:highland</biomeIds>
			<planet name="Sol-20: 0" DIMID="21">
				<isKnown>false</isKnown>
				<fogColor>1.0,1.0,1.0</fogColor>
				<skyColor>0.3708833,0.8638285,1.0</skyColor>
				<gravitationalMultiplier>72</gravitationalMultiplier>
				<orbitalDistance>132</orbitalDistance>
				<orbitalPhi>-1</orbitalPhi>
				<rotationalPeriod>64300</rotationalPeriod>
				<atmosphereDensity>37</atmosphereDensity>
				<biomeIds>biomesoplenty:wasteland,biomesoplenty:moor,minecraft:mutated_plains,minecraft:deep_ocean,minecraft:mutated_swampland</biomeIds>
			</planet>
		</planet>
		<planet name="Sol-22" DIMID="22">
			<isKnown>false</isKnown>
			<fogColor>1.0,1.0,1.0</fogColor>
			<skyColor>0.8,0.9003775,0.051867783</skyColor>
			<gravitationalMultiplier>102</gravitationalMultiplier>
			<orbitalDistance>112</orbitalDistance>
			<orbitalPhi>0</orbitalPhi>
			<rotationalPeriod>22615</rotationalPeriod>
			<atmosphereDensity>187</atmosphereDensity>
			<biomeIds>advancedrocketry:hotdryrock</biomeIds>
			<planet name="Sol-22: 0" DIMID="23">
				<isKnown>false</isKnown>
				<fogColor>1.0,1.0,1.0</fogColor>
				<skyColor>0.1346739,0.7743318,1.0</skyColor>
				<gravitationalMultiplier>52</gravitationalMultiplier>
				<orbitalDistance>160</orbitalDistance>
				<orbitalPhi>-1</orbitalPhi>
				<rotationalPeriod>170687</rotationalPeriod>
				<atmosphereDensity>30</atmosphereDensity>
				<biomeIds>minecraft:deep_ocean,minecraft:desert,biomesoplenty:pasture,biomesoplenty:chaparral,minecraft:forest_hills</biomeIds>
			</planet>
			<oceanBlock>minecraft:lava</oceanBlock>
		</planet>
		<planet name="Sol-24" DIMID="24">
			<isKnown>false</isKnown>
			<fogColor>1.0,1.0,1.0</fogColor>
			<skyColor>0.64473575,0.9783664,1.0</skyColor>
			<gravitationalMultiplier>92</gravitationalMultiplier>
			<orbitalDistance>150</orbitalDistance>
			<orbitalPhi>-4</orbitalPhi>
			<rotationalPeriod>30821</rotationalPeriod>
			<atmosphereDensity>81</atmosphereDensity>
			<biomeIds>biomesoplenty:redwood_forest_edge,traverse:mini_jungle,biomesoplenty:coral_reef,traverse:meadow,traverse:thicket</biomeIds>
		</planet>
		<planet name="Sol-25" DIMID="25">
			<isKnown>false</isKnown>
			<fogColor>1.0,1.0,1.0</fogColor>
			<skyColor>0.8,0.8754885,0.617751</skyColor>
			<gravitationalMultiplier>130</gravitationalMultiplier>
			<orbitalDistance>9</orbitalDistance>
			<orbitalPhi>-4</orbitalPhi>
			<rotationalPeriod>10923</rotationalPeriod>
			<atmosphereDensity>32</atmosphereDensity>
			<biomeIds>minecraft:extreme_hills</biomeIds>
			<planet name="Sol-25: 0" DIMID="26">
				<isKnown>false</isKnown>
				<fogColor>1.0,1.0,1.0</fogColor>
				<skyColor>0.39865792,0.7822883,1.0</skyColor>
				<gravitationalMultiplier>58</gravitationalMultiplier>
				<orbitalDistance>131</orbitalDistance>
				<orbitalPhi>-3</orbitalPhi>
				<rotationalPeriod>123006</rotationalPeriod>
				<atmosphereDensity>32</atmosphereDensity>
				<biomeIds>minecraft:extreme_hills_with_trees,biomesoplenty:woodland,traverse:autumnal_woods,biomesoplenty:kelp_forest,minecraft:mutated_desert</biomeIds>
			</planet>
			<oceanBlock>minecraft:lava</oceanBlock>
		</planet>
		<planet name="Sol-11" DIMID="11">
			<isKnown>false</isKnown>
			<fogColor>1.0,1.0,1.0</fogColor>
			<skyColor>0.8,0.8608094,0.0</skyColor>
			<gravitationalMultiplier>116</gravitationalMultiplier>
			<orbitalDistance>11</orbitalDistance>
			<orbitalPhi>0</orbitalPhi>
			<rotationalPeriod>15375</rotationalPeriod>
			<atmosphereDensity>162</atmosphereDensity>
			<biomeIds>advancedrocketry:hotdryrock</biomeIds>
			<oceanBlock>minecraft:lava</oceanBlock>
		</planet>
		<planet name="Sol-12" DIMID="12">
			<isKnown>false</isKnown>
			<fogColor>1.0,1.0,1.0</fogColor>
			<skyColor>0.8,0.67108643,0.98073304</skyColor>
			<gravitationalMultiplier>116</gravitationalMultiplier>
			<orbitalDistance>170</orbitalDistance>
			<orbitalPhi>-1</orbitalPhi>
			<rotationalPeriod>15375</rotationalPeriod>
			<atmosphereDensity>127</atmosphereDensity>
			<biomeIds>biomesoplenty:snowy_coniferous_forest,biomesoplenty:fen,biomesoplenty:snowy_tundra,biomesoplenty:mystic_grove,minecraft:redwood_taiga</biomeIds>
		</planet>
		<planet name="Sol-13" DIMID="13">
			<isKnown>false</isKnown>
			<fogColor>1.0,1.0,1.0</fogColor>
			<skyColor>0.17601216,0.95637035,1.0</skyColor>
			<gravitationalMultiplier>103</gravitationalMultiplier>
			<orbitalDistance>123</orbitalDistance>
			<orbitalPhi>0</orbitalPhi>
			<rotationalPeriod>21963</rotationalPeriod>
			<atmosphereDensity>3</atmosphereDensity>
			<biomeIds>advancedrocketry:moon,advancedrocketry:moondark</biomeIds>
			<planet name="Sol-13: 2" DIMID="16">
				<isKnown>false</isKnown>
				<fogColor>1.0,1.0,1.0</fogColor>
				<skyColor>0.24303538,0.9166253,1.0</skyColor>
				<gravitationalMultiplier>56</gravitationalMultiplier>
				<orbitalDistance>146</orbitalDistance>
				<orbitalPhi>1</orbitalPhi>
				<rotationalPeriod>136661</rotationalPeriod>
				<atmosphereDensity>28</atmosphereDensity>
				<biomeIds>minecraft:mutated_jungle,biomesoplenty:shrubland,biomesoplenty:mystic_grove,biomesoplenty:phantasmagoric_inferno,minecraft:beaches</biomeIds>
			</planet>
			<planet name="Sol-13: 0" DIMID="14">
				<isKnown>false</isKnown>
				<fogColor>1.0,1.0,1.0</fogColor>
				<skyColor>0.0,0.8222686,1.0</skyColor>
				<gravitationalMultiplier>38</gravitationalMultiplier>
				<orbitalDistance>169</orbitalDistance>
				<orbitalPhi>1</orbitalPhi>
				<rotationalPeriod>437381</rotationalPeriod>
				<atmosphereDensity>20</atmosphereDensity>
				<seaLevel>73</seaLevel>
				<biomeIds>advancedrocketry:moon,advancedrocketry:moondark</biomeIds>
			</planet>
			<planet name="Sol-13: 1" DIMID="15">
				<isKnown>false</isKnown>
				<fogColor>1.0,1.0,1.0</fogColor>
				<skyColor>0.59653986,0.52326834,1.0</skyColor>
				<gravitationalMultiplier>55</gravitationalMultiplier>
				<orbitalDistance>106</orbitalDistance>
				<orbitalPhi>-5</orbitalPhi>
				<rotationalPeriod>144252</rotationalPeriod>
				<atmosphereDensity>34</atmosphereDensity>
				<biomeIds>biomesoplenty:lush_desert,biomesoplenty:shrubland,minecraft:stone_beach,minecraft:smaller_extreme_hills,biomesoplenty:grove</biomeIds>
			</planet>
		</planet>
	</star>
	<star name="Wolf 12" temp="10" x="300" y="-200" size="1.0" numPlanets="0" numGasGiants="0" >
		<planet name="Sol-33" DIMID="33">
			<isKnown>false</isKnown>
			<fogColor>1.0,1.0,1.0</fogColor>
			<skyColor>0.25212705,0.98734295,1.0</skyColor>
			<gravitationalMultiplier>120</gravitationalMultiplier>
			<orbitalDistance>193</orbitalDistance>
			<orbitalPhi>-5</orbitalPhi>
			<rotationalPeriod>13888</rotationalPeriod>
			<atmosphereDensity>74</atmosphereDensity>
			<biomeIds>minecraft:mutated_mesa,biomesoplenty:undergarden,minecraft:mutated_jungle,biomesoplenty:gravel_beach,minecraft:forest</biomeIds>
			<planet name="Sol-33: 0" DIMID="34">
				<isKnown>false</isKnown>
				<fogColor>1.0,1.0,1.0</fogColor>
				<skyColor>0.0,0.6675431,1.0</skyColor>
				<gravitationalMultiplier>77</gravitationalMultiplier>
				<orbitalDistance>182</orbitalDistance>
				<orbitalPhi>1</orbitalPhi>
				<rotationalPeriod>52570</rotationalPeriod>
				<atmosphereDensity>19</atmosphereDensity>
				<biomeIds>advancedrocketry:moon,advancedrocketry:moondark</biomeIds>
			</planet>
			<planet name="Sol-33: 1" DIMID="35">
				<isKnown>false</isKnown>
				<fogColor>1.0,1.0,1.0</fogColor>
				<skyColor>0.0,0.6684146,1.0</skyColor>
				<gravitationalMultiplier>67</gravitationalMultiplier>
				<orbitalDistance>176</orbitalDistance>
				<orbitalPhi>-3</orbitalPhi>
				<rotationalPeriod>79797</rotationalPeriod>
				<atmosphereDensity>18</atmosphereDensity>
				<biomeIds>advancedrocketry:moon,advancedrocketry:moondark</biomeIds>
			</planet>
		</planet>
		<planet name="Sol-36" DIMID="36">
			<isKnown>false</isKnown>
			<fogColor>1.0,1.0,1.0</fogColor>
			<skyColor>0.8,0.99906695,0.45162737</skyColor>
			<gravitationalMultiplier>99</gravitationalMultiplier>
			<orbitalDistance>170</orbitalDistance>
			<orbitalPhi>1</orbitalPhi>
			<rotationalPeriod>24734</rotationalPeriod>
			<atmosphereDensity>189</atmosphereDensity>
			<biomeIds>biomesoplenty:flower_island,traverse:forested_hills,minecraft:smaller_extreme_hills,nex:fungi_forest,minecraft:birch_forest_hills,advancedrocketry:deepswamp,advancedrocketry:stormland</biomeIds>
			<oceanBlock>minecraft:lava</oceanBlock>
		</planet>
		<planet name="Sol-37" DIMID="37">
			<isKnown>false</isKnown>
			<fogColor>1.0,1.0,1.0</fogColor>
			<skyColor>0.8,0.8596238,0.53579485</skyColor>
			<gravitationalMultiplier>93</gravitationalMultiplier>
			<orbitalDistance>78</orbitalDistance>
			<orbitalPhi>0</orbitalPhi>
			<rotationalPeriod>29837</rotationalPeriod>
			<atmosphereDensity>106</atmosphereDensity>
			<biomeIds>minecraft:stone_beach,biomesoplenty:steppe,biomesoplenty:moor,biomesoplenty:gravel_beach,minecraft:birch_forest_hills</biomeIds>
			<oceanBlock>minecraft:lava</oceanBlock>
		</planet>
		<planet name="Sol-27" DIMID="27">
			<isKnown>false</isKnown>
			<fogColor>1.0,1.0,1.0</fogColor>
			<skyColor>0.8,0.9507803,0.0</skyColor>
			<gravitationalMultiplier>130</gravitationalMultiplier>
			<orbitalDistance>32</orbitalDistance>
			<orbitalPhi>-5</orbitalPhi>
			<rotationalPeriod>10923</rotationalPeriod>
			<atmosphereDensity>198</atmosphereDensity>
			<biomeIds>advancedrocketry:hotdryrock</biomeIds>
			<planet name="Sol-27: 0" DIMID="28">
				<isKnown>false</isKnown>
				<fogColor>1.0,1.0,1.0</fogColor>
				<skyColor>0.4771685,0.82640386,1.0</skyColor>
				<gravitationalMultiplier>83</gravitationalMultiplier>
				<orbitalDistance>110</orbitalDistance>
				<orbitalPhi>-2</orbitalPhi>
				<rotationalPeriod>41973</rotationalPeriod>
				<atmosphereDensity>32</atmosphereDensity>
				<biomeIds>biomesoplenty:bamboo_forest,minecraft:mutated_jungle_edge,biomesoplenty:origin_beach,minecraft:forest_hills,minecraft:roofed_forest</biomeIds>
			</planet>
			<planet name="Sol-27: 1" DIMID="29">
				<isKnown>false</isKnown>
				<fogColor>1.0,1.0,1.0</fogColor>
				<skyColor>0.0,0.8525039,1.0</skyColor>
				<gravitationalMultiplier>69</gravitationalMultiplier>
				<orbitalDistance>171</orbitalDistance>
				<orbitalPhi>0</orbitalPhi>
				<rotationalPeriod>73057</rotationalPeriod>
				<atmosphereDensity>24</atmosphereDensity>
				<biomeIds>advancedrocketry:moon,advancedrocketry:moondark</biomeIds>
			</planet>
			<planet name="Sol-27: 2" DIMID="30">
				<isKnown>false</isKnown>
				<fogColor>1.0,1.0,1.0</fogColor>
				<skyColor>0.25276232,0.5803947,1.0</skyColor>
				<gravitationalMultiplier>79</gravitationalMultiplier>
				<orbitalDistance>120</orbitalDistance>
				<orbitalPhi>-2</orbitalPhi>
				<rotationalPeriod>48677</rotationalPeriod>
				<atmosphereDensity>17</atmosphereDensity>
				<biomeIds>advancedrocketry:moon,advancedrocketry:moondark</biomeIds>
			</planet>
			<oceanBlock>minecraft:lava</oceanBlock>
		</planet>
		<planet name="Sol-31" DIMID="31">
			<isKnown>false</isKnown>
			<fogColor>1.0,1.0,1.0</fogColor>
			<skyColor>0.8,0.77764523,0.35373574</skyColor>
			<gravitationalMultiplier>130</gravitationalMultiplier>
			<orbitalDistance>110</orbitalDistance>
			<orbitalPhi>-1</orbitalPhi>
			<rotationalPeriod>10923</rotationalPeriod>
			<atmosphereDensity>148</atmosphereDensity>
			<biomeIds>traverse:mini_jungle,traverse:desert_shrubland,traverse:arid_highland,minecraft:mutated_mesa_clear_rock,minecraft:mutated_mesa,advancedrocketry:deepswamp,advancedrocketry:stormland</biomeIds>
			<planet name="Sol-31: 0" DIMID="32">
				<isKnown>false</isKnown>
				<fogColor>1.0,1.0,1.0</fogColor>
				<skyColor>0.37364602,0.6723306,1.0</skyColor>
				<gravitationalMultiplier>62</gravitationalMultiplier>
				<orbitalDistance>104</orbitalDistance>
				<orbitalPhi>2</orbitalPhi>
				<rotationalPeriod>100701</rotationalPeriod>
				<atmosphereDensity>19</atmosphereDensity>
				<seaLevel>77</seaLevel>
				<biomeIds>advancedrocketry:moon,advancedrocketry:moondark</biomeIds>
				<oceanBlock>advancedrocketry:oxygenfluid</oceanBlock>
			</planet>
			<oceanBlock>minecraft:lava</oceanBlock>
		</planet>
	</star>
	<star name="Epsilon ire" temp="170" x="-200" y="80" size="1.0" numPlanets="0" numGasGiants="0" >
		<planet name="Sol-50" DIMID="50">
			<isKnown>false</isKnown>
			<fogColor>1.0,1.0,1.0</fogColor>
			<skyColor>0.8,0.6314817,0.1092481</skyColor>
			<gravitationalMultiplier>127</gravitationalMultiplier>
			<orbitalDistance>0</orbitalDistance>
			<orbitalPhi>-3</orbitalPhi>
			<rotationalPeriod>11716</rotationalPeriod>
			<atmosphereDensity>75</atmosphereDensity>
			<seaLevel>50</seaLevel>
			<biomeIds>advancedrocketry:hotdryrock</biomeIds>
			<oceanBlock>minecraft:lava</oceanBlock>
		</planet>
		<planet name="Sol-51" DIMID="51">
			<isKnown>false</isKnown>
			<fogColor>1.0,1.0,1.0</fogColor>
			<skyColor>0.5261804,0.9059313,1.0</skyColor>
			<gravitationalMultiplier>130</gravitationalMultiplier>
			<orbitalDistance>77</orbitalDistance>
			<orbitalPhi>-3</orbitalPhi>
			<rotationalPeriod>10923</rotationalPeriod>
			<atmosphereDensity>0</atmosphereDensity>
			<biomeIds>advancedrocketry:moon,advancedrocketry:moondark</biomeIds>
			<planet name="Sol-51: 0" DIMID="52">
				<isKnown>false</isKnown>
				<hasRings>true</hasRings>
				<ringColor>0.103233755,0.6310743,1.0</ringColor>
				<fogColor>1.0,1.0,1.0</fogColor>
				<skyColor>0.103233755,0.6310743,1.0</skyColor>
				<gravitationalMultiplier>82</gravitationalMultiplier>
				<orbitalDistance>160</orbitalDistance>
				<orbitalPhi>-1</orbitalPhi>
				<rotationalPeriod>43528</rotationalPeriod>
				<atmosphereDensity>25</atmosphereDensity>
				<biomeIds>advancedrocketry:moon,advancedrocketry:moondark</biomeIds>
			</planet>
			<planet name="Sol-51: 1" DIMID="53">
				<isKnown>false</isKnown>
				<fogColor>1.0,1.0,1.0</fogColor>
				<skyColor>0.5936012,0.73646677,1.0</skyColor>
				<gravitationalMultiplier>42</gravitationalMultiplier>
				<orbitalDistance>101</orbitalDistance>
				<orbitalPhi>-2</orbitalPhi>
				<rotationalPeriod>323939</rotationalPeriod>
				<atmosphereDensity>31</atmosphereDensity>
				<biomeIds>advancedrocketry:crystalchasms</biomeIds>
			</planet>
		</planet>
		<planet name="Sol-38" DIMID="38">
			<isKnown>false</isKnown>
			<fogColor>1.0,1.0,1.0</fogColor>
			<skyColor>0.8,0.90661407,0.03484255</skyColor>
			<gravitationalMultiplier>130</gravitationalMultiplier>
			<orbitalDistance>95</orbitalDistance>
			<orbitalPhi>-1</orbitalPhi>
			<rotationalPeriod>10923</rotationalPeriod>
			<atmosphereDensity>161</atmosphereDensity>
			<biomeIds>advancedrocketry:hotdryrock</biomeIds>
			<planet name="Sol-38: 0" DIMID="39">
				<isKnown>false</isKnown>
				<fogColor>1.0,1.0,1.0</fogColor>
				<skyColor>0.5431384,0.59307957,1.0</skyColor>
				<gravitationalMultiplier>51</gravitationalMultiplier>
				<orbitalDistance>101</orbitalDistance>
				<orbitalPhi>-4</orbitalPhi>
				<rotationalPeriod>180925</rotationalPeriod>
				<atmosphereDensity>25</atmosphereDensity>
				<biomeIds>advancedrocketry:moon,advancedrocketry:moondark</biomeIds>
			</planet>
			<planet name="Sol-38: 1" DIMID="40">
				<isKnown>false</isKnown>
				<fogColor>1.0,1.0,1.0</fogColor>
				<skyColor>0.0,0.914387,1.0</skyColor>
				<gravitationalMultiplier>48</gravitationalMultiplier>
				<orbitalDistance>183</orbitalDistance>
				<orbitalPhi>-1</orbitalPhi>
				<rotationalPeriod>217013</rotationalPeriod>
				<atmosphereDensity>21</atmosphereDensity>
				<seaLevel>75</seaLevel>
				<biomeIds>advancedrocketry:moon,advancedrocketry:moondark</biomeIds>
				<oceanBlock>advancedrocketry:oxygenfluid</oceanBlock>
			</planet>
			<planet name="Sol-38: 2" DIMID="41">
				<isKnown>false</isKnown>
				<fogColor>1.0,1.0,1.0</fogColor>
				<skyColor>0.21776009,0.6779441,1.0</skyColor>
				<gravitationalMultiplier>40</gravitationalMultiplier>
				<orbitalDistance>137</orbitalDistance>
				<orbitalPhi>-4</orbitalPhi>
				<rotationalPeriod>375000</rotationalPeriod>
				<atmosphereDensity>13</atmosphereDensity>
				<biomeIds>advancedrocketry:moon,advancedrocketry:moondark</biomeIds>
			</planet>
			<oceanBlock>minecraft:lava</oceanBlock>
		</planet>
		<planet name="Sol-54" DIMID="54">
			<isKnown>false</isKnown>
			<fogColor>1.0,1.0,1.0</fogColor>
			<skyColor>0.8,0.95878345,0.32042432</skyColor>
			<gravitationalMultiplier>130</gravitationalMultiplier>
			<orbitalDistance>137</orbitalDistance>
			<orbitalPhi>-5</orbitalPhi>
			<rotationalPeriod>10923</rotationalPeriod>
			<atmosphereDensity>173</atmosphereDensity>
			<biomeIds>minecraft:extreme_hills</biomeIds>
			<planet name="Sol-54: 0" DIMID="55">
				<isKnown>false</isKnown>
				<fogColor>1.0,1.0,1.0</fogColor>
				<skyColor>0.035078168,0.87432635,1.0</skyColor>
				<gravitationalMultiplier>49</gravitationalMultiplier>
				<orbitalDistance>159</orbitalDistance>
				<orbitalPhi>-5</orbitalPhi>
				<rotationalPeriod>203996</rotationalPeriod>
				<atmosphereDensity>14</atmosphereDensity>
				<biomeIds>advancedrocketry:moon,advancedrocketry:moondark</biomeIds>
			</planet>
			<planet name="Sol-54: 1" DIMID="56">
				<isKnown>false</isKnown>
				<fogColor>1.0,1.0,1.0</fogColor>
				<skyColor>0.0,0.7537613,1.0</skyColor>
				<gravitationalMultiplier>50</gravitationalMultiplier>
				<orbitalDistance>187</orbitalDistance>
				<orbitalPhi>-1</orbitalPhi>
				<rotationalPeriod>192000</rotationalPeriod>
				<atmosphereDensity>30</atmosphereDensity>
				<biomeIds>biomesoplenty:land_of_lakes,biomesoplenty:temperate_rainforest,minecraft:mutated_mesa,biomesoplenty:gravel_beach,biomesoplenty:origin_island</biomeIds>
			</planet>
			<planet name="Sol-54: 2" DIMID="57">
				<isKnown>false</isKnown>
				<fogColor>1.0,1.0,1.0</fogColor>
				<skyColor>0.0040445924,0.6147613,1.0</skyColor>
				<gravitationalMultiplier>62</gravitationalMultiplier>
				<orbitalDistance>193</orbitalDistance>
				<orbitalPhi>0</orbitalPhi>
				<rotationalPeriod>100701</rotationalPeriod>
				<atmosphereDensity>36</atmosphereDensity>
				<biomeIds>minecraft:smaller_extreme_hills,minecraft:jungle_hills,biomesoplenty:lush_swamp,minecraft:mutated_extreme_hills_with_trees,minecraft:desert</biomeIds>
			</planet>
			<oceanBlock>minecraft:lava</oceanBlock>
		</planet>
		<planet name="Sol-42" DIMID="42">
			<isKnown>false</isKnown>
			<fogColor>1.0,1.0,1.0</fogColor>
			<skyColor>0.8,0.567122,0.7703181</skyColor>
			<gravitationalMultiplier>103</gravitationalMultiplier>
			<orbitalDistance>129</orbitalDistance>
			<orbitalPhi>0</orbitalPhi>
			<rotationalPeriod>21963</rotationalPeriod>
			<atmosphereDensity>109</atmosphereDensity>
			<biomeIds>minecraft:mutated_jungle_edge,biomesoplenty:temperate_rainforest,biomesoplenty:wetland,minecraft:mutated_extreme_hills,biomesoplenty:orchard</biomeIds>
			<planet name="Sol-42: 0" DIMID="43">
				<isKnown>false</isKnown>
				<fogColor>1.0,1.0,1.0</fogColor>
				<skyColor>0.0,0.5213295,1.0</skyColor>
				<gravitationalMultiplier>34</gravitationalMultiplier>
				<orbitalDistance>186</orbitalDistance>
				<orbitalPhi>-1</orbitalPhi>
				<rotationalPeriod>610624</rotationalPeriod>
				<atmosphereDensity>24</atmosphereDensity>
				<biomeIds>advancedrocketry:moon,advancedrocketry:moondark</biomeIds>
			</planet>
			<planet name="Sol-42: 1" DIMID="44">
				<isKnown>false</isKnown>
				<fogColor>1.0,1.0,1.0</fogColor>
				<skyColor>0.23096883,0.87634814,1.0</skyColor>
				<gravitationalMultiplier>63</gravitationalMultiplier>
				<orbitalDistance>155</orbitalDistance>
				<orbitalPhi>0</orbitalPhi>
				<rotationalPeriod>95981</rotationalPeriod>
				<atmosphereDensity>35</atmosphereDensity>
				<seaLevel>77</seaLevel>
				<biomeIds>minecraft:mutated_birch_forest_hills,minecraft:mutated_extreme_hills,minecraft:extreme_hills_with_trees,biomesoplenty:overgrown_cliffs,minecraft:mesa</biomeIds>
			</planet>
			<planet name="Sol-42: 2" DIMID="45">
				<isKnown>false</isKnown>
				<fogColor>1.0,1.0,1.0</fogColor>
				<skyColor>0.31266475,0.7752978,1.0</skyColor>
				<gravitationalMultiplier>73</gravitationalMultiplier>
				<orbitalDistance>137</orbitalDistance>
				<orbitalPhi>-6</orbitalPhi>
				<rotationalPeriod>61693</rotationalPeriod>
				<atmosphereDensity>28</atmosphereDensity>
				<biomeIds>biomesoplenty:prairie,minecraft:mutated_redwood_taiga,biomesoplenty:temperate_rainforest,biomesoplenty:quagmire,biomesoplenty:ominous_woods</biomeIds>
			</planet>
		</planet>
		<planet name="Sol-46" DIMID="46">
			<isKnown>false</isKnown>
			<fogColor>1.0,1.0,1.0</fogColor>
			<skyColor>0.5232046,0.7635306,1.0</skyColor>
			<gravitationalMultiplier>93</gravitationalMultiplier>
			<orbitalDistance>121</orbitalDistance>
			<orbitalPhi>-1</orbitalPhi>
			<rotationalPeriod>29837</rotationalPeriod>
			<atmosphereDensity>35</atmosphereDensity>
			<seaLevel>67</seaLevel>
			<biomeIds>biomesoplenty:steppe,traverse:autumnal_wooded_hills,traverse:mountainous_desert,minecraft:extreme_hills,minecraft:mesa_clear_rock</biomeIds>
		</planet>
		<planet name="Sol-47" DIMID="47">
			<isKnown>false</isKnown>
			<fogColor>1.0,1.0,1.0</fogColor>
			<skyColor>0.8,0.803934,0.20189422</skyColor>
			<gravitationalMultiplier>104</gravitationalMultiplier>
			<orbitalDistance>115</orbitalDistance>
			<orbitalPhi>-1</orbitalPhi>
			<rotationalPeriod>21335</rotationalPeriod>
			<atmosphereDensity>160</atmosphereDensity>
			<biomeIds>minecraft:mushroom_island</biomeIds>
			<planet name="Sol-47: 0" DIMID="48">
				<isKnown>false</isKnown>
				<fogColor>1.0,1.0,1.0</fogColor>
				<skyColor>0.40621918,0.94560206,1.0</skyColor>
				<gravitationalMultiplier>43</gravitationalMultiplier>
				<orbitalDistance>125</orbitalDistance>
				<orbitalPhi>-3</orbitalPhi>
				<rotationalPeriod>301860</rotationalPeriod>
				<atmosphereDensity>27</atmosphereDensity>
				<biomeIds>minecraft:mutated_jungle_edge,traverse:autumnal_wooded_hills,minecraft:desert,fossil:treasure,minecraft:mutated_redwood_taiga_hills</biomeIds>
			</planet>
			<planet name="Sol-47: 1" DIMID="49">
				<isKnown>false</isKnown>
				<fogColor>1.0,1.0,1.0</fogColor>
				<skyColor>0.0,0.6377877,1.0</skyColor>
				<gravitationalMultiplier>34</gravitationalMultiplier>
				<orbitalDistance>187</orbitalDistance>
				<orbitalPhi>1</orbitalPhi>
				<rotationalPeriod>610624</rotationalPeriod>
				<atmosphereDensity>32</atmosphereDensity>
				<biomeIds>minecraft:birch_forest_hills,nex:torrid_wasteland,biomesoplenty:outback,traverse:autumnal_woods,minecraft:ocean</biomeIds>
			</planet>
			<oceanBlock>minecraft:lava</oceanBlock>
		</planet>
	</star>
	<star name="Proxima Centaurs" temp="200" x="-150" y="250" size="1.0" numPlanets="0" numGasGiants="0" >
		<planet name="Sol-66" DIMID="66">
			<isKnown>false</isKnown>
			<fogColor>1.0,1.0,1.0</fogColor>
			<skyColor>0.30995739,0.81186664,1.0</skyColor>
			<gravitationalMultiplier>89</gravitationalMultiplier>
			<orbitalDistance>120</orbitalDistance>
			<orbitalPhi>-3</orbitalPhi>
			<rotationalPeriod>34044</rotationalPeriod>
			<atmosphereDensity>9</atmosphereDensity>
			<biomeIds>advancedrocketry:moon,advancedrocketry:moondark</biomeIds>
		</planet>
		<planet name="Sol-58" DIMID="58">
			<isKnown>false</isKnown>
			<fogColor>1.0,1.0,1.0</fogColor>
			<skyColor>0.8,0.6782043,0.0</skyColor>
			<gravitationalMultiplier>115</gravitationalMultiplier>
			<orbitalDistance>84</orbitalDistance>
			<orbitalPhi>-4</orbitalPhi>
			<rotationalPeriod>15780</rotationalPeriod>
			<atmosphereDensity>200</atmosphereDensity>
			<biomeIds>advancedrocketry:hotdryrock</biomeIds>
			<planet name="Sol-58: 0" DIMID="59">
				<isKnown>false</isKnown>
				<fogColor>1.0,1.0,1.0</fogColor>
				<skyColor>0.0,0.8352479,1.0</skyColor>
				<gravitationalMultiplier>32</gravitationalMultiplier>
				<orbitalDistance>196</orbitalDistance>
				<orbitalPhi>3</orbitalPhi>
				<rotationalPeriod>732421</rotationalPeriod>
				<atmosphereDensity>15</atmosphereDensity>
				<seaLevel>74</seaLevel>
				<biomeIds>advancedrocketry:moon,advancedrocketry:moondark</biomeIds>
				<oceanBlock>advancedrocketry:oxygenfluid</oceanBlock>
			</planet>
			<planet name="Sol-58: 1" DIMID="60">
				<isKnown>false</isKnown>
				<hasRings>true</hasRings>
				<ringColor>0.0,0.7406838,1.0</ringColor>
				<fogColor>1.0,1.0,1.0</fogColor>
				<skyColor>0.0,0.7406838,1.0</skyColor>
				<gravitationalMultiplier>73</gravitationalMultiplier>
				<orbitalDistance>193</orbitalDistance>
				<orbitalPhi>5</orbitalPhi>
				<rotationalPeriod>61693</rotationalPeriod>
				<atmosphereDensity>37</atmosphereDensity>
				<biomeIds>biomesoplenty:redwood_forest_edge,minecraft:jungle_edge,nex:torrid_wasteland,minecraft:mesa_clear_rock,minecraft:mutated_forest</biomeIds>
			</planet>
			<planet name="Sol-58: 2" DIMID="61">
				<isKnown>false</isKnown>
				<fogColor>1.0,1.0,1.0</fogColor>
				<skyColor>0.529871,0.7564025,1.0</skyColor>
				<gravitationalMultiplier>43</gravitationalMultiplier>
				<orbitalDistance>100</orbitalDistance>
				<orbitalPhi>1</orbitalPhi>
				<rotationalPeriod>301860</rotationalPeriod>
				<atmosphereDensity>22</atmosphereDensity>
				<biomeIds>advancedrocketry:moon,advancedrocketry:moondark</biomeIds>
			</planet>
			<oceanBlock>minecraft:lava</oceanBlock>
		</planet>
		<planet name="Sol-62" DIMID="62">
			<isKnown>false</isKnown>
			<fogColor>1.0,1.0,1.0</fogColor>
			<skyColor>0.8,0.5273618,0.711133</skyColor>
			<gravitationalMultiplier>111</gravitationalMultiplier>
			<orbitalDistance>156</orbitalDistance>
			<orbitalPhi>-1</orbitalPhi>
			<rotationalPeriod>17548</rotationalPeriod>
			<atmosphereDensity>142</atmosphereDensity>
			<biomeIds>traverse:badlands,biomesoplenty:wasteland,biomesoplenty:temperate_rainforest,minecraft:mutated_birch_forest_hills,traverse:lush_hills,advancedrocketry:deepswamp,advancedrocketry:stormland</biomeIds>
			<planet name="Sol-62: 1" DIMID="64">
				<isKnown>false</isKnown>
				<fogColor>1.0,1.0,1.0</fogColor>
				<skyColor>0.0,0.97061884,1.0</skyColor>
				<gravitationalMultiplier>70</gravitationalMultiplier>
				<orbitalDistance>198</orbitalDistance>
				<orbitalPhi>-7</orbitalPhi>
				<rotationalPeriod>69970</rotationalPeriod>
				<atmosphereDensity>23</atmosphereDensity>
				<biomeIds>advancedrocketry:moon,advancedrocketry:moondark</biomeIds>
			</planet>
			<planet name="Sol-62: 2" DIMID="65">
				<isKnown>false</isKnown>
				<fogColor>1.0,1.0,1.0</fogColor>
				<skyColor>0.06367719,0.5372137,1.0</skyColor>
				<gravitationalMultiplier>36</gravitationalMultiplier>
				<orbitalDistance>164</orbitalDistance>
				<orbitalPhi>-1</orbitalPhi>
				<rotationalPeriod>514403</rotationalPeriod>
				<atmosphereDensity>16</atmosphereDensity>
				<biomeIds>advancedrocketry:moon,advancedrocketry:moondark</biomeIds>
			</planet>
			<planet name="Sol-62: 0" DIMID="63">
				<isKnown>false</isKnown>
				<fogColor>1.0,1.0,1.0</fogColor>
				<skyColor>0.24647373,0.765313,1.0</skyColor>
				<gravitationalMultiplier>69</gravitationalMultiplier>
				<orbitalDistance>150</orbitalDistance>
				<orbitalPhi>2</orbitalPhi>
				<rotationalPeriod>73057</rotationalPeriod>
				<atmosphereDensity>36</atmosphereDensity>
				<biomeIds>biomesoplenty:steppe,minecraft:mutated_jungle,traverse:meadow,advancedrocketry:oceanspires,minecraft:mutated_savanna_rock</biomeIds>
			</planet>
		</planet>
	</star>
	<star name="Magnis Vulpes" temp="70" x="-150" y="-250" size="1.0" numPlanets="0" numGasGiants="0" >
		<planet name="Sol-67" DIMID="67">
			<isKnown>false</isKnown>
			<fogColor>1.0,1.0,1.0</fogColor>
			<skyColor>0.8,0.869439,0.0</skyColor>
			<gravitationalMultiplier>130</gravitationalMultiplier>
			<orbitalDistance>29</orbitalDistance>
			<orbitalPhi>0</orbitalPhi>
			<rotationalPeriod>10923</rotationalPeriod>
			<atmosphereDensity>157</atmosphereDensity>
			<biomeIds>advancedrocketry:hotdryrock</biomeIds>
			<planet name="Sol-67: 0" DIMID="68">
				<isKnown>false</isKnown>
				<fogColor>1.0,1.0,1.0</fogColor>
				<skyColor>0.2787987,0.9436643,1.0</skyColor>
				<gravitationalMultiplier>50</gravitationalMultiplier>
				<orbitalDistance>126</orbitalDistance>
				<orbitalPhi>-3</orbitalPhi>
				<rotationalPeriod>192000</rotationalPeriod>
				<atmosphereDensity>20</atmosphereDensity>
				<biomeIds>advancedrocketry:moon,advancedrocketry:moondark</biomeIds>
			</planet>
			<planet name="Sol-67: 1" DIMID="69">
				<isKnown>false</isKnown>
				<fogColor>1.0,1.0,1.0</fogColor>
				<skyColor>0.23937672,0.7846893,1.0</skyColor>
				<gravitationalMultiplier>47</gravitationalMultiplier>
				<orbitalDistance>121</orbitalDistance>
				<orbitalPhi>-6</orbitalPhi>
				<rotationalPeriod>231162</rotationalPeriod>
				<atmosphereDensity>16</atmosphereDensity>
				<biomeIds>advancedrocketry:moon,advancedrocketry:moondark</biomeIds>
			</planet>
			<planet name="Sol-67: 2" DIMID="70">
				<isKnown>false</isKnown>
				<fogColor>1.0,1.0,1.0</fogColor>
				<skyColor>0.3999424,0.6660737,1.0</skyColor>
				<gravitationalMultiplier>71</gravitationalMultiplier>
				<orbitalDistance>135</orbitalDistance>
				<orbitalPhi>0</orbitalPhi>
				<rotationalPeriod>67055</rotationalPeriod>
				<atmosphereDensity>37</atmosphereDensity>
				<biomeIds>biomesoplenty:flower_island,minecraft:mutated_redwood_taiga_hills,minecraft:mutated_jungle,biomesoplenty:flower_field,minecraft:mutated_savanna_rock</biomeIds>
			</planet>
			<oceanBlock>minecraft:lava</oceanBlock>
		</planet>
		<planet name="Sol-71" DIMID="71">
			<isKnown>false</isKnown>
			<fogColor>1.0,1.0,1.0</fogColor>
			<skyColor>0.8,0.7244197,0.54533464</skyColor>
			<gravitationalMultiplier>95</gravitationalMultiplier>
			<orbitalDistance>137</orbitalDistance>
			<orbitalPhi>0</orbitalPhi>
			<rotationalPeriod>27992</rotationalPeriod>
			<atmosphereDensity>147</atmosphereDensity>
			<biomeIds>minecraft:birch_forest_hills,minecraft:mutated_desert,minecraft:mesa,biomesoplenty:undergarden,biomesoplenty:highland,advancedrocketry:deepswamp,advancedrocketry:stormland</biomeIds>
			<oceanBlock>minecraft:lava</oceanBlock>
		</planet>
	</star>
	<star name="Ma-Roo" temp="200" x="50" y="-250" size="1.0" numPlanets="0" numGasGiants="0" >
		<planet name="Sol-80" DIMID="80">
			<isKnown>false</isKnown>
			<fogColor>1.0,1.0,1.0</fogColor>
			<skyColor>0.8,0.77412224,0.0</skyColor>
			<gravitationalMultiplier>127</gravitationalMultiplier>
			<orbitalDistance>8</orbitalDistance>
			<orbitalPhi>-2</orbitalPhi>
			<rotationalPeriod>11716</rotationalPeriod>
			<atmosphereDensity>112</atmosphereDensity>
			<biomeIds>advancedrocketry:hotdryrock</biomeIds>
			<planet name="Sol-80: 0" DIMID="81">
				<isKnown>false</isKnown>
				<fogColor>1.0,1.0,1.0</fogColor>
				<skyColor>0.44505095,0.5514351,1.0</skyColor>
				<gravitationalMultiplier>45</gravitationalMultiplier>
				<orbitalDistance>104</orbitalDistance>
				<orbitalPhi>2</orbitalPhi>
				<rotationalPeriod>263374</rotationalPeriod>
				<atmosphereDensity>16</atmosphereDensity>
				<biomeIds>advancedrocketry:moon,advancedrocketry:moondark</biomeIds>
			</planet>
			<planet name="Sol-80: 1" DIMID="82">
				<isKnown>false</isKnown>
				<fogColor>1.0,1.0,1.0</fogColor>
				<skyColor>0.3360554,0.5499073,1.0</skyColor>
				<gravitationalMultiplier>74</gravitationalMultiplier>
				<orbitalDistance>129</orbitalDistance>
				<orbitalPhi>3</orbitalPhi>
				<rotationalPeriod>59226</rotationalPeriod>
				<atmosphereDensity>23</atmosphereDensity>
				<biomeIds>advancedrocketry:moon,advancedrocketry:moondark</biomeIds>
			</planet>
			<planet name="Sol-80: 2" DIMID="83">
				<isKnown>false</isKnown>
				<fogColor>1.0,1.0,1.0</fogColor>
				<skyColor>0.0,0.51365304,1.0</skyColor>
				<gravitationalMultiplier>64</gravitationalMultiplier>
				<orbitalDistance>199</orbitalDistance>
				<orbitalPhi>0</orbitalPhi>
				<rotationalPeriod>91552</rotationalPeriod>
				<atmosphereDensity>24</atmosphereDensity>
				<seaLevel>76</seaLevel>
				<biomeIds>advancedrocketry:moon,advancedrocketry:moondark</biomeIds>
				<oceanBlock>advancedrocketry:oxygenfluid</oceanBlock>
			</planet>
			<oceanBlock>minecraft:lava</oceanBlock>
		</planet>
		<planet name="Sol-84" DIMID="84">
			<isKnown>false</isKnown>
			<fogColor>1.0,1.0,1.0</fogColor>
			<skyColor>0.49190086,0.65349925,1.0</skyColor>
			<gravitationalMultiplier>130</gravitationalMultiplier>
			<orbitalDistance>121</orbitalDistance>
			<orbitalPhi>-1</orbitalPhi>
			<rotationalPeriod>10923</rotationalPeriod>
			<atmosphereDensity>34</atmosphereDensity>
			<seaLevel>61</seaLevel>
			<biomeIds>traverse:badlands,biomesoplenty:chaparral,minecraft:mutated_jungle_edge,biomesoplenty:grove,minecraft:jungle</biomeIds>
			<planet name="Sol-84: 0" DIMID="85">
				<isKnown>false</isKnown>
				<fogColor>1.0,1.0,1.0</fogColor>
				<skyColor>0.48365718,0.86698675,1.0</skyColor>
				<gravitationalMultiplier>55</gravitationalMultiplier>
				<orbitalDistance>109</orbitalDistance>
				<orbitalPhi>-2</orbitalPhi>
				<rotationalPeriod>144252</rotationalPeriod>
				<atmosphereDensity>21</atmosphereDensity>
				<biomeIds>advancedrocketry:moon,advancedrocketry:moondark</biomeIds>
			</planet>
			<planet name="Sol-84: 1" DIMID="86">
				<isKnown>false</isKnown>
				<fogColor>1.0,1.0,1.0</fogColor>
				<skyColor>0.0,0.68806934,1.0</skyColor>
				<gravitationalMultiplier>61</gravitationalMultiplier>
				<orbitalDistance>173</orbitalDistance>
				<orbitalPhi>-4</orbitalPhi>
				<rotationalPeriod>105735</rotationalPeriod>
				<atmosphereDensity>25</atmosphereDensity>
				<biomeIds>advancedrocketry:moon,advancedrocketry:moondark</biomeIds>
			</planet>
		</planet>
		<planet name="Sol-72" DIMID="72">
			<isKnown>false</isKnown>
			<fogColor>1.0,1.0,1.0</fogColor>
			<skyColor>0.8,0.83636,0.26454884</skyColor>
			<gravitationalMultiplier>130</gravitationalMultiplier>
			<orbitalDistance>81</orbitalDistance>
			<orbitalPhi>-1</orbitalPhi>
			<rotationalPeriod>10923</rotationalPeriod>
			<atmosphereDensity>129</atmosphereDensity>
			<biomeIds>minecraft:mushroom_island</biomeIds>
			<planet name="Sol-72: 0" DIMID="73">
				<isKnown>false</isKnown>
				<fogColor>1.0,1.0,1.0</fogColor>
				<skyColor>0.23868799,0.832402,1.0</skyColor>
				<gravitationalMultiplier>55</gravitationalMultiplier>
				<orbitalDistance>152</orbitalDistance>
				<orbitalPhi>5</orbitalPhi>
				<rotationalPeriod>144252</rotationalPeriod>
				<atmosphereDensity>29</atmosphereDensity>
				<biomeIds>minecraft:mutated_jungle_edge,traverse:desert_shrubland,biomesoplenty:flower_island,biomesoplenty:outback,traverse:woodlands</biomeIds>
			</planet>
			<planet name="Sol-72: 1" DIMID="74">
				<isKnown>false</isKnown>
				<fogColor>1.0,1.0,1.0</fogColor>
				<skyColor>0.30858433,0.68867916,1.0</skyColor>
				<gravitationalMultiplier>79</gravitationalMultiplier>
				<orbitalDistance>134</orbitalDistance>
				<orbitalPhi>-2</orbitalPhi>
				<rotationalPeriod>48677</rotationalPeriod>
				<atmosphereDensity>29</atmosphereDensity>
				<biomeIds>minecraft:smaller_extreme_hills,biomesoplenty:marsh,nex:ruthless_sands,biomesoplenty:flower_island,biomesoplenty:wasteland</biomeIds>
			</planet>
			<planet name="Sol-72: 2" DIMID="75">
				<isKnown>false</isKnown>
				<fogColor>1.0,1.0,1.0</fogColor>
				<skyColor>0.16540891,0.6814071,1.0</skyColor>
				<gravitationalMultiplier>67</gravitationalMultiplier>
				<orbitalDistance>141</orbitalDistance>
				<orbitalPhi>1</orbitalPhi>
				<rotationalPeriod>79797</rotationalPeriod>
				<atmosphereDensity>18</atmosphereDensity>
				<biomeIds>advancedrocketry:moon,advancedrocketry:moondark</biomeIds>
			</planet>
			<oceanBlock>minecraft:lava</oceanBlock>
		</planet>
		<planet name="Sol-76" DIMID="76">
			<isKnown>false</isKnown>
			<fogColor>1.0,1.0,1.0</fogColor>
			<skyColor>0.8,0.59124106,0.9134256</skyColor>
			<gravitationalMultiplier>102</gravitationalMultiplier>
			<orbitalDistance>93</orbitalDistance>
			<orbitalPhi>-6</orbitalPhi>
			<rotationalPeriod>22615</rotationalPeriod>
			<atmosphereDensity>64</atmosphereDensity>
			<biomeIds>biomesoplenty:bog,traverse:snowy_coniferous_forest,biomesoplenty:cold_desert,minecraft:forest,minecraft:mutated_taiga_cold</biomeIds>
			<planet name="Sol-76: 0" DIMID="77">
				<isKnown>false</isKnown>
				<fogColor>1.0,1.0,1.0</fogColor>
				<skyColor>0.0,0.6611521,1.0</skyColor>
				<gravitationalMultiplier>56</gravitationalMultiplier>
				<orbitalDistance>177</orbitalDistance>
				<orbitalPhi>0</orbitalPhi>
				<rotationalPeriod>136661</rotationalPeriod>
				<atmosphereDensity>17</atmosphereDensity>
				<seaLevel>73</seaLevel>
				<biomeIds>advancedrocketry:moon,advancedrocketry:moondark</biomeIds>
			</planet>
		</planet>
		<planet name="Sol-78" DIMID="78">
			<isKnown>false</isKnown>
			<fogColor>1.0,1.0,1.0</fogColor>
			<skyColor>0.0,0.96509564,1.0</skyColor>
			<gravitationalMultiplier>130</gravitationalMultiplier>
			<orbitalDistance>182</orbitalDistance>
			<orbitalPhi>-3</orbitalPhi>
			<rotationalPeriod>10923</rotationalPeriod>
			<atmosphereDensity>15</atmosphereDensity>
			<seaLevel>74</seaLevel>
			<biomeIds>advancedrocketry:moon,advancedrocketry:moondark</biomeIds>
			<oceanBlock>advancedrocketry:oxygenfluid</oceanBlock>
		</planet>
		<planet name="Sol-79" DIMID="79">
			<isKnown>false</isKnown>
			<fogColor>1.0,1.0,1.0</fogColor>
			<skyColor>0.8,0.85923284,0.0</skyColor>
			<gravitationalMultiplier>97</gravitationalMultiplier>
			<orbitalDistance>128</orbitalDistance>
			<orbitalPhi>-7</orbitalPhi>
			<rotationalPeriod>26296</rotationalPeriod>
			<atmosphereDensity>200</atmosphereDensity>
			<biomeIds>advancedrocketry:hotdryrock</biomeIds>
			<oceanBlock>minecraft:lava</oceanBlock>
		</planet>
	</star>
	<star name="Alykitt" temp="120" x="75" y="200" size="1.0" numPlanets="0" numGasGiants="0" >
		<planet name="Sol-96" DIMID="96">
			<isKnown>false</isKnown>
			<fogColor>1.0,1.0,1.0</fogColor>
			<skyColor>0.8,0.89193213,0.9009242</skyColor>
			<gravitationalMultiplier>116</gravitationalMultiplier>
			<orbitalDistance>170</orbitalDistance>
			<orbitalPhi>-6</orbitalPhi>
			<rotationalPeriod>14984</rotationalPeriod>
			<atmosphereDensity>138</atmosphereDensity>
			<biomeIds>advancedrocketry:crystalchasms</biomeIds>
		</planet>
		<planet name="Sol-97" DIMID="97">
			<isKnown>false</isKnown>
			<fogColor>1.0,1.0,1.0</fogColor>
			<skyColor>0.09015441,0.54685056,1.0</skyColor>
			<gravitationalMultiplier>130</gravitationalMultiplier>
			<orbitalDistance>166</orbitalDistance>
			<orbitalPhi>0</orbitalPhi>
			<rotationalPeriod>10923</rotationalPeriod>
			<atmosphereDensity>36</atmosphereDensity>
			<biomeIds>minecraft:jungle,fossil:treasure,minecraft:savanna_rock,biomesoplenty:highland,minecraft:desert</biomeIds>
			<planet name="Sol-97: 0" DIMID="98">
				<isKnown>false</isKnown>
				<fogColor>1.0,1.0,1.0</fogColor>
				<skyColor>0.0,0.8148268,1.0</skyColor>
				<gravitationalMultiplier>44</gravitationalMultiplier>
				<orbitalDistance>196</orbitalDistance>
				<orbitalPhi>4</orbitalPhi>
				<rotationalPeriod>281743</rotationalPeriod>
				<atmosphereDensity>19</atmosphereDensity>
				<seaLevel>55</seaLevel>
				<biomeIds>advancedrocketry:moon,advancedrocketry:moondark</biomeIds>
			</planet>
			<planet name="Sol-97: 1" DIMID="99">
				<isKnown>false</isKnown>
				<fogColor>1.0,1.0,1.0</fogColor>
				<skyColor>0.0,0.7382983,1.0</skyColor>
				<gravitationalMultiplier>77</gravitationalMultiplier>
				<orbitalDistance>181</orbitalDistance>
				<orbitalPhi>1</orbitalPhi>
				<rotationalPeriod>52570</rotationalPeriod>
				<atmosphereDensity>15</atmosphereDensity>
				<biomeIds>advancedrocketry:moon,advancedrocketry:moondark</biomeIds>
			</planet>
		</planet>
		<planet name="Sol-87" DIMID="87">
			<isKnown>false</isKnown>
			<GasGiant>true</GasGiant>
			<gas>hydrogen</gas>
			<gas>nitrogen</gas>
			<gas>oxygen</gas>
			<fogColor>1.0,1.0,1.0</fogColor>
			<skyColor>1.0,1.0,1.0</skyColor>
			<gravitationalMultiplier>121</gravitationalMultiplier>
			<orbitalDistance>191</orbitalDistance>
			<orbitalPhi>0</orbitalPhi>
			<rotationalPeriod>24000</rotationalPeriod>
			<atmosphereDensity>174</atmosphereDensity>
			<planet name="Sol-87: 0" DIMID="88">
				<isKnown>false</isKnown>
				<hasRings>true</hasRings>
				<ringColor>0.4961636,0.8379993,1.0</ringColor>
				<fogColor>1.0,1.0,1.0</fogColor>
				<skyColor>0.4961636,0.8379993,1.0</skyColor>
				<gravitationalMultiplier>80</gravitationalMultiplier>
				<orbitalDistance>114</orbitalDistance>
				<orbitalPhi>-2</orbitalPhi>
				<rotationalPeriod>46875</rotationalPeriod>
				<atmosphereDensity>28</atmosphereDensity>
				<biomeIds>minecraft:jungle,minecraft:mutated_swampland,minecraft:savanna,minecraft:beaches,biomesoplenty:land_of_lakes</biomeIds>
			</planet>
			<planet name="Sol-87: 1" DIMID="89">
				<isKnown>false</isKnown>
				<fogColor>1.0,1.0,1.0</fogColor>
				<skyColor>0.059545398,0.7599199,1.0</skyColor>
				<gravitationalMultiplier>79</gravitationalMultiplier>
				<orbitalDistance>174</orbitalDistance>
				<orbitalPhi>0</orbitalPhi>
				<rotationalPeriod>48677</rotationalPeriod>
				<atmosphereDensity>31</atmosphereDensity>
				<biomeIds>biomesoplenty:kelp_forest,traverse:red_desert,biomesoplenty:undergarden,traverse:rocky_plateau,biomesoplenty:origin_island</biomeIds>
			</planet>
			<planet name="Sol-87: 2" DIMID="90">
				<isKnown>false</isKnown>
				<fogColor>1.0,1.0,1.0</fogColor>
				<skyColor>0.2867036,0.9161599,1.0</skyColor>
				<gravitationalMultiplier>62</gravitationalMultiplier>
				<orbitalDistance>155</orbitalDistance>
				<orbitalPhi>-5</orbitalPhi>
				<rotationalPeriod>100701</rotationalPeriod>
				<atmosphereDensity>37</atmosphereDensity>
				<biomeIds>minecraft:mutated_savanna_rock,minecraft:mutated_mesa,biomesoplenty:mystic_grove,biomesoplenty:marsh,biomesoplenty:tropical_island</biomeIds>
			</planet>
			<planet name="Sol-87: 3" DIMID="91">
				<isKnown>false</isKnown>
				<fogColor>1.0,1.0,1.0</fogColor>
				<skyColor>0.0,0.7599188,1.0</skyColor>
				<gravitationalMultiplier>67</gravitationalMultiplier>
				<orbitalDistance>186</orbitalDistance>
				<orbitalPhi>-2</orbitalPhi>
				<rotationalPeriod>79797</rotationalPeriod>
				<atmosphereDensity>36</atmosphereDensity>
				<biomeIds>biomesoplenty:undergarden,traverse:meadow,biomesoplenty:rainforest,biomesoplenty:origin_beach,biomesoplenty:mystic_grove</biomeIds>
			</planet>
			<planet name="Sol-87: 4" DIMID="92">
				<isKnown>false</isKnown>
				<fogColor>1.0,1.0,1.0</fogColor>
				<skyColor>0.2547158,0.66568166,1.0</skyColor>
				<gravitationalMultiplier>77</gravitationalMultiplier>
				<orbitalDistance>133</orbitalDistance>
				<orbitalPhi>3</orbitalPhi>
				<rotationalPeriod>52570</rotationalPeriod>
				<atmosphereDensity>18</atmosphereDensity>
				<seaLevel>77</seaLevel>
				<biomeIds>advancedrocketry:moon,advancedrocketry:moondark</biomeIds>
				<oceanBlock>advancedrocketry:oxygenfluid</oceanBlock>
			</planet>
			<planet name="Sol-87: 5" DIMID="93">
				<isKnown>false</isKnown>
				<fogColor>1.0,1.0,1.0</fogColor>
				<skyColor>0.010730863,0.6662625,1.0</skyColor>
				<gravitationalMultiplier>46</gravitationalMultiplier>
				<orbitalDistance>174</orbitalDistance>
				<orbitalPhi>-2</orbitalPhi>
				<rotationalPeriod>246568</rotationalPeriod>
				<atmosphereDensity>32</atmosphereDensity>
				<biomeIds>minecraft:mutated_desert,biomesoplenty:fungi_forest,biomesoplenty:bamboo_forest,biomesoplenty:undergarden,traverse:arid_highland</biomeIds>
			</planet>
			<planet name="Sol-87: 6" DIMID="94">
				<isKnown>false</isKnown>
				<fogColor>1.0,1.0,1.0</fogColor>
				<skyColor>0.0,0.9414438,1.0</skyColor>
				<gravitationalMultiplier>50</gravitationalMultiplier>
				<orbitalDistance>167</orbitalDistance>
				<orbitalPhi>-5</orbitalPhi>
				<rotationalPeriod>192000</rotationalPeriod>
				<atmosphereDensity>16</atmosphereDensity>
				<biomeIds>advancedrocketry:moon,advancedrocketry:moondark</biomeIds>
			</planet>
		</planet>
		<planet name="Sol-95" DIMID="95">
			<isKnown>false</isKnown>
			<fogColor>1.0,1.0,1.0</fogColor>
			<skyColor>0.8,0.79299915,0.018043518</skyColor>
			<gravitationalMultiplier>116</gravitationalMultiplier>
			<orbitalDistance>73</orbitalDistance>
			<orbitalPhi>0</orbitalPhi>
			<rotationalPeriod>14607</rotationalPeriod>
			<atmosphereDensity>155</atmosphereDensity>
			<biomeIds>advancedrocketry:hotdryrock</biomeIds>
			<oceanBlock>minecraft:lava</oceanBlock>
		</planet>
	</star>
</galaxy>