{"stat.useItem.minecraft.splash_potion":3,"stat.walkOneCm":11956,"stat.pickup.minecraft.bone":1,"stat.pickup.fossil.biofossil":1,"stat.leaveGame":4,"stat.pickup.fossil.relic_scrap":3,"stat.flyOneCm":273564,"stat.jump":30,"stat.swimOneCm":698,"stat.playOneMinute":29763,"stat.useItem.fossil.analyzer_active":1,"stat.fallOneCm":209,"stat.mineBlock.fossil.fossil":6,"stat.sneakTime":423,"stat.crouchOneCm":94,"stat.timeSinceDeath":29763,"stat.useItem.tconstruct.hammer":6,"stat.useItem.minecraft.stone_slab2":20,"stat.pickup.fossil.plant_fossil":1,"stat.diveOneCm":18532}