{"stat.useItem.immersiverailroading.item_rail":45,"stat.useItem.immersiverailroading.item_rolling_stock":5,"stat.walkOneCm":54237,"stat.leaveGame":6,"stat.damageTaken":140,"stat.pickup.structurize.sceptergold":3,"stat.useItem.immersiverailroading.item_large_wrench":1,"stat.mineBlock.minecraft.sandstone":2,"stat.flyOneCm":147492,"stat.pickup.minecraft.sandstone":1,"stat.drop":3,"stat.jump":32,"stat.playOneMinute":173158,"stat.useItem.immersiveengineering.pickaxe_steel":3,"stat.fallOneCm":406,"stat.drop.structurize.sceptergold":3,"stat.sneakTime":687,"stat.crouchOneCm":1682,"stat.timeSinceDeath":173158,"stat.sprintOneCm":87,"stat.useItem.immersiverailroading.item_manual":4}