<galaxy>
	<star name="Sol" temp="100" x="0" y="0" size="1.0" numPlanets="0" numGasGiants="0" >
		<planet name="Earth" DIMID="0" dimMapping="">
			<isKnown>true</isKnown>
			<fogColor>1.0,1.0,1.0</fogColor>
			<skyColor>1.0,1.0,1.0</skyColor>
			<gravitationalMultiplier>100</gravitationalMultiplier>
			<orbitalDistance>100</orbitalDistance>
			<orbitalPhi>0</orbitalPhi>
			<rotationalPeriod>24000</rotationalPeriod>
			<atmosphereDensity>100</atmosphereDensity>
			<planet name="Luna" DIMID="2">
				<isKnown>false</isKnown>
				<fogColor>1.0,1.0,1.0</fogColor>
				<skyColor>1.0,1.0,1.0</skyColor>
				<gravitationalMultiplier>16</gravitationalMultiplier>
				<orbitalDistance>150</orbitalDistance>
				<orbitalPhi>0</orbitalPhi>
				<rotationalPeriod>128000</rotationalPeriod>
				<atmosphereDensity>0</atmosphereDensity>
				<biomeIds>advancedrocketry:moon,advancedrocketry:moondark</biomeIds>
			</planet>
		</planet>
		<planet name="Sol-3" DIMID="3">
			<isKnown>false</isKnown>
			<GasGiant>true</GasGiant>
			<gas>hydrogen</gas>
			<gas>oxygen</gas>
			<gas>nitrogen</gas>
			<fogColor>1.0,1.0,1.0</fogColor>
			<skyColor>1.0,1.0,1.0</skyColor>
			<gravitationalMultiplier>90</gravitationalMultiplier>
			<orbitalDistance>200</orbitalDistance>
			<orbitalPhi>0</orbitalPhi>
			<rotationalPeriod>24000</rotationalPeriod>
			<atmosphereDensity>199</atmosphereDensity>
		</planet>
		<planet name="Sol-4" DIMID="4">
			<isKnown>false</isKnown>
			<fogColor>1.0,1.0,1.0</fogColor>
			<skyColor>0.8,0.6539055,0.0</skyColor>
			<gravitationalMultiplier>130</gravitationalMultiplier>
			<orbitalDistance>11</orbitalDistance>
			<orbitalPhi>-4</orbitalPhi>
			<rotationalPeriod>10923</rotationalPeriod>
			<atmosphereDensity>126</atmosphereDensity>
			<biomeIds>advancedrocketry:hotdryrock</biomeIds>
			<planet name="Sol-4: 0" DIMID="5">
				<isKnown>false</isKnown>
				<fogColor>1.0,1.0,1.0</fogColor>
				<skyColor>0.0,0.8704387,1.0</skyColor>
				<gravitationalMultiplier>46</gravitationalMultiplier>
				<orbitalDistance>187</orbitalDistance>
				<orbitalPhi>-4</orbitalPhi>
				<rotationalPeriod>246568</rotationalPeriod>
				<atmosphereDensity>15</atmosphereDensity>
				<biomeIds>advancedrocketry:moon,advancedrocketry:moondark</biomeIds>
			</planet>
			<planet name="Sol-4: 1" DIMID="6">
				<isKnown>false</isKnown>
				<fogColor>1.0,1.0,1.0</fogColor>
				<skyColor>0.0,0.866855,1.0</skyColor>
				<gravitationalMultiplier>52</gravitationalMultiplier>
				<orbitalDistance>192</orbitalDistance>
				<orbitalPhi>4</orbitalPhi>
				<rotationalPeriod>170687</rotationalPeriod>
				<atmosphereDensity>15</atmosphereDensity>
				<biomeIds>advancedrocketry:moon,advancedrocketry:moondark</biomeIds>
			</planet>
			<oceanBlock>minecraft:lava</oceanBlock>
		</planet>
		<planet name="Sol-7" DIMID="7">
			<isKnown>false</isKnown>
			<fogColor>1.0,1.0,1.0</fogColor>
			<skyColor>0.8,0.5312965,0.34465337</skyColor>
			<gravitationalMultiplier>130</gravitationalMultiplier>
			<orbitalDistance>76</orbitalDistance>
			<orbitalPhi>0</orbitalPhi>
			<rotationalPeriod>10923</rotationalPeriod>
			<atmosphereDensity>123</atmosphereDensity>
			<biomeIds>minecraft:frozen_ocean,minecraft:savanna_rock,nex:ruthless_sands,minecraft:savanna,minecraft:desert</biomeIds>
			<oceanBlock>minecraft:lava</oceanBlock>
		</planet>
		<planet name="Sol-8" DIMID="8">
			<isKnown>false</isKnown>
			<fogColor>1.0,1.0,1.0</fogColor>
			<skyColor>0.0,0.50226265,1.0</skyColor>
			<gravitationalMultiplier>99</gravitationalMultiplier>
			<orbitalDistance>200</orbitalDistance>
			<orbitalPhi>-6</orbitalPhi>
			<rotationalPeriod>24734</rotationalPeriod>
			<atmosphereDensity>0</atmosphereDensity>
			<biomeIds>advancedrocketry:moon,advancedrocketry:moondark</biomeIds>
		</planet>
		<planet name="Sol-9" DIMID="9">
			<isKnown>false</isKnown>
			<fogColor>1.0,1.0,1.0</fogColor>
			<skyColor>0.8,0.6878557,0.94714725</skyColor>
			<gravitationalMultiplier>130</gravitationalMultiplier>
			<orbitalDistance>171</orbitalDistance>
			<orbitalPhi>2</orbitalPhi>
			<rotationalPeriod>10923</rotationalPeriod>
			<atmosphereDensity>131</atmosphereDensity>
			<biomeIds>biomesoplenty:shrubland,minecraft:taiga_cold_hills,minecraft:mutated_swampland,traverse:lush_hills,biomesoplenty:kelp_forest</biomeIds>
		</planet>
		<planet name="Sol-10" DIMID="10">
			<isKnown>false</isKnown>
			<fogColor>1.0,1.0,1.0</fogColor>
			<skyColor>0.8,0.76138204,0.17542636</skyColor>
			<gravitationalMultiplier>130</gravitationalMultiplier>
			<orbitalDistance>13</orbitalDistance>
			<orbitalPhi>1</orbitalPhi>
			<rotationalPeriod>10923</rotationalPeriod>
			<atmosphereDensity>81</atmosphereDensity>
			<biomeIds>nex:fungi_forest,advancedrocketry:oceanspires,minecraft:mutated_mesa,minecraft:desert_hills,traverse:badlands</biomeIds>
			<oceanBlock>minecraft:lava</oceanBlock>
		</planet>
		<planet name="Sol-11" DIMID="11">
			<isKnown>false</isKnown>
			<fogColor>1.0,1.0,1.0</fogColor>
			<skyColor>0.737991,0.9713136,1.0</skyColor>
			<gravitationalMultiplier>94</gravitationalMultiplier>
			<orbitalDistance>102</orbitalDistance>
			<orbitalPhi>1</orbitalPhi>
			<rotationalPeriod>28895</rotationalPeriod>
			<atmosphereDensity>45</atmosphereDensity>
			<biomeIds>advancedrocketry:crystalchasms</biomeIds>
		</planet>
		<planet name="Sol-12" DIMID="12">
			<isKnown>false</isKnown>
			<fogColor>1.0,1.0,1.0</fogColor>
			<skyColor>0.8,0.618724,0.045256197</skyColor>
			<gravitationalMultiplier>92</gravitationalMultiplier>
			<orbitalDistance>86</orbitalDistance>
			<orbitalPhi>-3</orbitalPhi>
			<rotationalPeriod>30821</rotationalPeriod>
			<atmosphereDensity>161</atmosphereDensity>
			<biomeIds>advancedrocketry:hotdryrock</biomeIds>
			<oceanBlock>minecraft:lava</oceanBlock>
		</planet>
		<planet name="Sol-13" DIMID="13">
			<isKnown>false</isKnown>
			<fogColor>1.0,1.0,1.0</fogColor>
			<skyColor>0.6168101,0.96160007,1.0</skyColor>
			<gravitationalMultiplier>104</gravitationalMultiplier>
			<orbitalDistance>134</orbitalDistance>
			<orbitalPhi>2</orbitalPhi>
			<rotationalPeriod>20732</rotationalPeriod>
			<atmosphereDensity>66</atmosphereDensity>
			<biomeIds>nex:fungi_forest,minecraft:beaches,minecraft:ocean,biomesoplenty:oasis,biomesoplenty:cherry_blossom_grove</biomeIds>
		</planet>
		<planet name="Sol-14" DIMID="14">
			<isKnown>false</isKnown>
			<fogColor>1.0,1.0,1.0</fogColor>
			<skyColor>0.8,0.8061391,0.69534487</skyColor>
			<gravitationalMultiplier>130</gravitationalMultiplier>
			<orbitalDistance>37</orbitalDistance>
			<orbitalPhi>1</orbitalPhi>
			<rotationalPeriod>10923</rotationalPeriod>
			<atmosphereDensity>48</atmosphereDensity>
			<biomeIds>minecraft:jungle_edge,minecraft:mutated_swampland,minecraft:desert,minecraft:birch_forest,minecraft:extreme_hills_with_trees</biomeIds>
			<planet name="Sol-14: 1" DIMID="16">
				<isKnown>false</isKnown>
				<fogColor>1.0,1.0,1.0</fogColor>
				<skyColor>0.036495924,0.6278645,1.0</skyColor>
				<gravitationalMultiplier>83</gravitationalMultiplier>
				<orbitalDistance>171</orbitalDistance>
				<orbitalPhi>-4</orbitalPhi>
				<rotationalPeriod>41973</rotationalPeriod>
				<atmosphereDensity>33</atmosphereDensity>
				<biomeIds>biomesoplenty:wetland,biomesoplenty:mountain,nex:ruthless_sands,biomesoplenty:corrupted_sands,biomesoplenty:orchard</biomeIds>
			</planet>
			<planet name="Sol-14: 0" DIMID="15">
				<isKnown>false</isKnown>
				<fogColor>1.0,1.0,1.0</fogColor>
				<skyColor>0.0,0.71140575,1.0</skyColor>
				<gravitationalMultiplier>52</gravitationalMultiplier>
				<orbitalDistance>182</orbitalDistance>
				<orbitalPhi>-5</orbitalPhi>
				<rotationalPeriod>170687</rotationalPeriod>
				<atmosphereDensity>26</atmosphereDensity>
				<biomeIds>minecraft:birch_forest,minecraft:forest,traverse:autumnal_wooded_hills,minecraft:mutated_mesa_rock,nex:ruthless_sands</biomeIds>
			</planet>
		</planet>
	</star>
	<star name="Wolf 12" temp="10" x="300" y="-200" size="1.0" numPlanets="0" numGasGiants="0" >
		<planet name="Sol-17" DIMID="17">
			<isKnown>false</isKnown>
			<fogColor>1.0,1.0,1.0</fogColor>
			<skyColor>0.8,0.7825358,0.0</skyColor>
			<gravitationalMultiplier>130</gravitationalMultiplier>
			<orbitalDistance>21</orbitalDistance>
			<orbitalPhi>-2</orbitalPhi>
			<rotationalPeriod>10923</rotationalPeriod>
			<atmosphereDensity>194</atmosphereDensity>
			<biomeIds>advancedrocketry:hotdryrock</biomeIds>
			<planet name="Sol-17: 0" DIMID="18">
				<isKnown>false</isKnown>
				<fogColor>1.0,1.0,1.0</fogColor>
				<skyColor>0.13194507,0.74146324,1.0</skyColor>
				<gravitationalMultiplier>66</gravitationalMultiplier>
				<orbitalDistance>135</orbitalDistance>
				<orbitalPhi>-2</orbitalPhi>
				<rotationalPeriod>83479</rotationalPeriod>
				<atmosphereDensity>18</atmosphereDensity>
				<biomeIds>advancedrocketry:moon,advancedrocketry:moondark</biomeIds>
			</planet>
			<planet name="Sol-17: 1" DIMID="19">
				<isKnown>false</isKnown>
				<fogColor>1.0,1.0,1.0</fogColor>
				<skyColor>0.37934577,0.60235393,1.0</skyColor>
				<gravitationalMultiplier>52</gravitationalMultiplier>
				<orbitalDistance>120</orbitalDistance>
				<orbitalPhi>-7</orbitalPhi>
				<rotationalPeriod>161206</rotationalPeriod>
				<atmosphereDensity>32</atmosphereDensity>
				<biomeIds>traverse:mini_jungle,biomesoplenty:sacred_springs,minecraft:deep_ocean,minecraft:roofed_forest,biomesoplenty:chaparral</biomeIds>
			</planet>
			<oceanBlock>minecraft:lava</oceanBlock>
		</planet>
		<planet name="Sol-20" DIMID="20">
			<isKnown>false</isKnown>
			<fogColor>1.0,1.0,1.0</fogColor>
			<skyColor>0.8,0.6540793,0.6434509</skyColor>
			<gravitationalMultiplier>104</gravitationalMultiplier>
			<orbitalDistance>78</orbitalDistance>
			<orbitalPhi>-6</orbitalPhi>
			<rotationalPeriod>21335</rotationalPeriod>
			<atmosphereDensity>90</atmosphereDensity>
			<biomeIds>minecraft:mushroom_island_shore,biomesoplenty:lush_swamp,nex:torrid_wasteland,traverse:green_swamp,biomesoplenty:mountain_foothills</biomeIds>
			<planet name="Sol-20: 0" DIMID="21">
				<isKnown>false</isKnown>
				<fogColor>1.0,1.0,1.0</fogColor>
				<skyColor>0.0,0.85689414,1.0</skyColor>
				<gravitationalMultiplier>38</gravitationalMultiplier>
				<orbitalDistance>191</orbitalDistance>
				<orbitalPhi>3</orbitalPhi>
				<rotationalPeriod>437381</rotationalPeriod>
				<atmosphereDensity>35</atmosphereDensity>
				<biomeIds>traverse:lush_hills,biomesoplenty:flower_island,minecraft:mutated_mesa_clear_rock,minecraft:mutated_birch_forest_hills,biomesoplenty:rainforest</biomeIds>
			</planet>
			<planet name="Sol-20: 1" DIMID="22">
				<isKnown>false</isKnown>
				<fogColor>1.0,1.0,1.0</fogColor>
				<skyColor>0.15232313,0.9294983,1.0</skyColor>
				<gravitationalMultiplier>76</gravitationalMultiplier>
				<orbitalDistance>141</orbitalDistance>
				<orbitalPhi>3</orbitalPhi>
				<rotationalPeriod>54672</rotationalPeriod>
				<atmosphereDensity>20</atmosphereDensity>
				<biomeIds>advancedrocketry:moon,advancedrocketry:moondark</biomeIds>
			</planet>
		</planet>
		<planet name="Sol-23" DIMID="23">
			<isKnown>false</isKnown>
			<fogColor>1.0,1.0,1.0</fogColor>
			<skyColor>0.47958535,0.5850873,1.0</skyColor>
			<gravitationalMultiplier>92</gravitationalMultiplier>
			<orbitalDistance>140</orbitalDistance>
			<orbitalPhi>0</orbitalPhi>
			<rotationalPeriod>30821</rotationalPeriod>
			<atmosphereDensity>62</atmosphereDensity>
			<biomeIds>minecraft:ice_flats</biomeIds>
		</planet>
		<planet name="Sol-24" DIMID="24">
			<isKnown>false</isKnown>
			<fogColor>1.0,1.0,1.0</fogColor>
			<skyColor>0.8,0.8081999,0.9090886</skyColor>
			<gravitationalMultiplier>110</gravitationalMultiplier>
			<orbitalDistance>172</orbitalDistance>
			<orbitalPhi>-1</orbitalPhi>
			<rotationalPeriod>18031</rotationalPeriod>
			<atmosphereDensity>146</atmosphereDensity>
			<biomeIds>minecraft:jungle_edge,biomesoplenty:phantasmagoric_inferno,biomesoplenty:brushland,traverse:mini_jungle,biomesoplenty:redwood_forest,advancedrocketry:deepswamp,advancedrocketry:stormland</biomeIds>
			<planet name="Sol-24: 0" DIMID="25">
				<isKnown>false</isKnown>
				<fogColor>1.0,1.0,1.0</fogColor>
				<skyColor>0.55346227,0.8383626,1.0</skyColor>
				<gravitationalMultiplier>76</gravitationalMultiplier>
				<orbitalDistance>106</orbitalDistance>
				<orbitalPhi>-1</orbitalPhi>
				<rotationalPeriod>54672</rotationalPeriod>
				<atmosphereDensity>36</atmosphereDensity>
				<biomeIds>biomesoplenty:origin_island,advancedrocketry:marsh,biomesoplenty:fungi_forest,minecraft:mutated_roofed_forest,biomesoplenty:tropical_island</biomeIds>
			</planet>
			<planet name="Sol-24: 1" DIMID="26">
				<isKnown>false</isKnown>
				<fogColor>1.0,1.0,1.0</fogColor>
				<skyColor>0.3205083,0.8068472,1.0</skyColor>
				<gravitationalMultiplier>49</gravitationalMultiplier>
				<orbitalDistance>120</orbitalDistance>
				<orbitalPhi>2</orbitalPhi>
				<rotationalPeriod>203996</rotationalPeriod>
				<atmosphereDensity>22</atmosphereDensity>
				<seaLevel>74</seaLevel>
				<biomeIds>advancedrocketry:moon,advancedrocketry:moondark</biomeIds>
			</planet>
			<planet name="Sol-24: 2" DIMID="27">
				<isKnown>false</isKnown>
				<fogColor>1.0,1.0,1.0</fogColor>
				<skyColor>0.25699866,0.5834197,1.0</skyColor>
				<gravitationalMultiplier>56</gravitationalMultiplier>
				<orbitalDistance>135</orbitalDistance>
				<orbitalPhi>2</orbitalPhi>
				<rotationalPeriod>136661</rotationalPeriod>
				<atmosphereDensity>35</atmosphereDensity>
				<biomeIds>biomesoplenty:gravel_beach,biomesoplenty:lush_desert,biomesoplenty:mountain,traverse:temperate_rainforest,biomesoplenty:flower_island</biomeIds>
			</planet>
		</planet>
		<planet name="Sol-28" DIMID="28">
			<isKnown>false</isKnown>
			<fogColor>1.0,1.0,1.0</fogColor>
			<skyColor>0.8,0.9401394,0.77797663</skyColor>
			<gravitationalMultiplier>130</gravitationalMultiplier>
			<orbitalDistance>89</orbitalDistance>
			<orbitalPhi>-2</orbitalPhi>
			<rotationalPeriod>10923</rotationalPeriod>
			<atmosphereDensity>91</atmosphereDensity>
			<biomeIds>minecraft:frozen_ocean,minecraft:jungle,minecraft:mutated_savanna,biomesoplenty:redwood_forest,biomesoplenty:eucalyptus_forest</biomeIds>
			<planet name="Sol-28: 0" DIMID="29">
				<isKnown>false</isKnown>
				<fogColor>1.0,1.0,1.0</fogColor>
				<skyColor>0.16143036,0.5746879,1.0</skyColor>
				<gravitationalMultiplier>74</gravitationalMultiplier>
				<orbitalDistance>144</orbitalDistance>
				<orbitalPhi>1</orbitalPhi>
				<rotationalPeriod>59226</rotationalPeriod>
				<atmosphereDensity>28</atmosphereDensity>
				<biomeIds>traverse:forested_hills,minecraft:mutated_mesa_rock,minecraft:mutated_savanna,biomesoplenty:undergarden,biomesoplenty:visceral_heap</biomeIds>
			</planet>
		</planet>
	</star>
	<star name="Epsilon ire" temp="170" x="-200" y="80" size="1.0" numPlanets="0" numGasGiants="0" >
		<planet name="Sol-33" DIMID="33">
			<isKnown>false</isKnown>
			<fogColor>1.0,1.0,1.0</fogColor>
			<skyColor>0.8,0.5852716,0.7483026</skyColor>
			<gravitationalMultiplier>104</gravitationalMultiplier>
			<orbitalDistance>138</orbitalDistance>
			<orbitalPhi>0</orbitalPhi>
			<rotationalPeriod>20150</rotationalPeriod>
			<atmosphereDensity>127</atmosphereDensity>
			<biomeIds>minecraft:ice_flats</biomeIds>
		</planet>
		<planet name="Sol-34" DIMID="34">
			<isKnown>false</isKnown>
			<fogColor>1.0,1.0,1.0</fogColor>
			<skyColor>0.035080135,0.715998,1.0</skyColor>
			<gravitationalMultiplier>98</gravitationalMultiplier>
			<orbitalDistance>169</orbitalDistance>
			<orbitalPhi>1</orbitalPhi>
			<rotationalPeriod>25499</rotationalPeriod>
			<atmosphereDensity>22</atmosphereDensity>
			<seaLevel>72</seaLevel>
			<biomeIds>advancedrocketry:moon,advancedrocketry:moondark</biomeIds>
			<oceanBlock>advancedrocketry:oxygenfluid</oceanBlock>
		</planet>
		<planet name="Sol-35" DIMID="35">
			<isKnown>false</isKnown>
			<fogColor>1.0,1.0,1.0</fogColor>
			<skyColor>0.8,0.69356215,0.0</skyColor>
			<gravitationalMultiplier>116</gravitationalMultiplier>
			<orbitalDistance>100</orbitalDistance>
			<orbitalPhi>2</orbitalPhi>
			<rotationalPeriod>15375</rotationalPeriod>
			<atmosphereDensity>173</atmosphereDensity>
			<biomeIds>advancedrocketry:hotdryrock</biomeIds>
			<planet name="Sol-35: 0" DIMID="36">
				<isKnown>false</isKnown>
				<fogColor>1.0,1.0,1.0</fogColor>
				<skyColor>0.15341228,0.7244143,1.0</skyColor>
				<gravitationalMultiplier>47</gravitationalMultiplier>
				<orbitalDistance>136</orbitalDistance>
				<orbitalPhi>-2</orbitalPhi>
				<rotationalPeriod>231162</rotationalPeriod>
				<atmosphereDensity>15</atmosphereDensity>
				<biomeIds>advancedrocketry:moon,advancedrocketry:moondark</biomeIds>
			</planet>
			<planet name="Sol-35: 1" DIMID="37">
				<isKnown>false</isKnown>
				<fogColor>1.0,1.0,1.0</fogColor>
				<skyColor>0.17109251,0.50302374,1.0</skyColor>
				<gravitationalMultiplier>82</gravitationalMultiplier>
				<orbitalDistance>146</orbitalDistance>
				<orbitalPhi>2</orbitalPhi>
				<rotationalPeriod>43528</rotationalPeriod>
				<atmosphereDensity>20</atmosphereDensity>
				<seaLevel>45</seaLevel>
				<biomeIds>advancedrocketry:moon,advancedrocketry:moondark</biomeIds>
			</planet>
			<planet name="Sol-35: 2" DIMID="38">
				<isKnown>false</isKnown>
				<fogColor>1.0,1.0,1.0</fogColor>
				<skyColor>0.35277355,0.6865666,1.0</skyColor>
				<gravitationalMultiplier>50</gravitationalMultiplier>
				<orbitalDistance>144</orbitalDistance>
				<orbitalPhi>-3</orbitalPhi>
				<rotationalPeriod>192000</rotationalPeriod>
				<atmosphereDensity>37</atmosphereDensity>
				<biomeIds>nex:ruthless_sands,biomesoplenty:chaparral,minecraft:beaches,biomesoplenty:eucalyptus_forest,traverse:lush_hills</biomeIds>
			</planet>
			<oceanBlock>minecraft:lava</oceanBlock>
		</planet>
		<planet name="Sol-39" DIMID="39">
			<isKnown>false</isKnown>
			<fogColor>1.0,1.0,1.0</fogColor>
			<skyColor>0.8,0.8448115,0.0</skyColor>
			<gravitationalMultiplier>122</gravitationalMultiplier>
			<orbitalDistance>53</orbitalDistance>
			<orbitalPhi>1</orbitalPhi>
			<rotationalPeriod>13216</rotationalPeriod>
			<atmosphereDensity>149</atmosphereDensity>
			<biomeIds>advancedrocketry:hotdryrock</biomeIds>
			<planet name="Sol-39: 0" DIMID="40">
				<isKnown>false</isKnown>
				<fogColor>1.0,1.0,1.0</fogColor>
				<skyColor>0.43731797,0.55594116,1.0</skyColor>
				<gravitationalMultiplier>69</gravitationalMultiplier>
				<orbitalDistance>99</orbitalDistance>
				<orbitalPhi>-2</orbitalPhi>
				<rotationalPeriod>73057</rotationalPeriod>
				<atmosphereDensity>16</atmosphereDensity>
				<seaLevel>75</seaLevel>
				<biomeIds>advancedrocketry:moon,advancedrocketry:moondark</biomeIds>
				<oceanBlock>advancedrocketry:oxygenfluid</oceanBlock>
			</planet>
			<oceanBlock>minecraft:lava</oceanBlock>
		</planet>
		<planet name="Sol-41" DIMID="41">
			<isKnown>false</isKnown>
			<fogColor>1.0,1.0,1.0</fogColor>
			<skyColor>0.0,0.99568516,1.0</skyColor>
			<gravitationalMultiplier>122</gravitationalMultiplier>
			<orbitalDistance>169</orbitalDistance>
			<orbitalPhi>2</orbitalPhi>
			<rotationalPeriod>13216</rotationalPeriod>
			<atmosphereDensity>15</atmosphereDensity>
			<biomeIds>advancedrocketry:moon,advancedrocketry:moondark</biomeIds>
			<planet name="Sol-41: 0" DIMID="42">
				<isKnown>false</isKnown>
				<fogColor>1.0,1.0,1.0</fogColor>
				<skyColor>0.05893022,0.6415724,1.0</skyColor>
				<gravitationalMultiplier>38</gravitationalMultiplier>
				<orbitalDistance>163</orbitalDistance>
				<orbitalPhi>0</orbitalPhi>
				<rotationalPeriod>437381</rotationalPeriod>
				<atmosphereDensity>21</atmosphereDensity>
				<biomeIds>advancedrocketry:moon,advancedrocketry:moondark</biomeIds>
			</planet>
		</planet>
		<planet name="Sol-43" DIMID="43">
			<isKnown>false</isKnown>
			<fogColor>1.0,1.0,1.0</fogColor>
			<skyColor>0.8,0.6114391,0.1663552</skyColor>
			<gravitationalMultiplier>109</gravitationalMultiplier>
			<orbitalDistance>159</orbitalDistance>
			<orbitalPhi>-1</orbitalPhi>
			<rotationalPeriod>18532</rotationalPeriod>
			<atmosphereDensity>200</atmosphereDensity>
			<biomeIds>minecraft:jungle_edge,traverse:rocky_plateau,biomesoplenty:visceral_heap,biomesoplenty:brushland,biomesoplenty:corrupted_sands,advancedrocketry:deepswamp,advancedrocketry:stormland</biomeIds>
			<planet name="Sol-43: 0" DIMID="44">
				<isKnown>false</isKnown>
				<fogColor>1.0,1.0,1.0</fogColor>
				<skyColor>0.0,0.8291942,1.0</skyColor>
				<gravitationalMultiplier>30</gravitationalMultiplier>
				<orbitalDistance>161</orbitalDistance>
				<orbitalPhi>-3</orbitalPhi>
				<rotationalPeriod>888888</rotationalPeriod>
				<atmosphereDensity>14</atmosphereDensity>
				<seaLevel>47</seaLevel>
				<biomeIds>advancedrocketry:moon,advancedrocketry:moondark</biomeIds>
			</planet>
			<planet name="Sol-43: 1" DIMID="45">
				<isKnown>false</isKnown>
				<fogColor>1.0,1.0,1.0</fogColor>
				<skyColor>0.41915143,0.76497304,1.0</skyColor>
				<gravitationalMultiplier>62</gravitationalMultiplier>
				<orbitalDistance>111</orbitalDistance>
				<orbitalPhi>-3</orbitalPhi>
				<rotationalPeriod>100701</rotationalPeriod>
				<atmosphereDensity>24</atmosphereDensity>
				<seaLevel>77</seaLevel>
				<biomeIds>advancedrocketry:moon,advancedrocketry:moondark</biomeIds>
				<oceanBlock>advancedrocketry:oxygenfluid</oceanBlock>
			</planet>
			<oceanBlock>minecraft:lava</oceanBlock>
		</planet>
		<planet name="Sol-30" DIMID="30">
			<isKnown>false</isKnown>
			<fogColor>1.0,1.0,1.0</fogColor>
			<skyColor>0.8,0.54680943,0.0</skyColor>
			<gravitationalMultiplier>103</gravitationalMultiplier>
			<orbitalDistance>62</orbitalDistance>
			<orbitalPhi>1</orbitalPhi>
			<rotationalPeriod>21963</rotationalPeriod>
			<atmosphereDensity>152</atmosphereDensity>
			<biomeIds>advancedrocketry:hotdryrock</biomeIds>
			<planet name="Sol-30: 1" DIMID="32">
				<isKnown>false</isKnown>
				<fogColor>1.0,1.0,1.0</fogColor>
				<skyColor>0.08551723,0.72932684,1.0</skyColor>
				<gravitationalMultiplier>34</gravitationalMultiplier>
				<orbitalDistance>168</orbitalDistance>
				<orbitalPhi>0</orbitalPhi>
				<rotationalPeriod>610624</rotationalPeriod>
				<atmosphereDensity>23</atmosphereDensity>
				<biomeIds>advancedrocketry:moon,advancedrocketry:moondark</biomeIds>
			</planet>
			<planet name="Sol-30: 0" DIMID="31">
				<isKnown>false</isKnown>
				<fogColor>1.0,1.0,1.0</fogColor>
				<skyColor>0.40989852,0.5103092,1.0</skyColor>
				<gravitationalMultiplier>72</gravitationalMultiplier>
				<orbitalDistance>109</orbitalDistance>
				<orbitalPhi>-9</orbitalPhi>
				<rotationalPeriod>64300</rotationalPeriod>
				<atmosphereDensity>16</atmosphereDensity>
				<biomeIds>advancedrocketry:moon,advancedrocketry:moondark</biomeIds>
			</planet>
			<oceanBlock>minecraft:lava</oceanBlock>
		</planet>
	</star>
	<star name="Proxima Centaurs" temp="200" x="-150" y="250" size="1.0" numPlanets="0" numGasGiants="0" >
		<planet name="Sol-50" DIMID="50">
			<isKnown>false</isKnown>
			<fogColor>1.0,1.0,1.0</fogColor>
			<skyColor>0.0,0.52672046,1.0</skyColor>
			<gravitationalMultiplier>130</gravitationalMultiplier>
			<orbitalDistance>195</orbitalDistance>
			<orbitalPhi>-5</orbitalPhi>
			<rotationalPeriod>10923</rotationalPeriod>
			<atmosphereDensity>29</atmosphereDensity>
			<seaLevel>65</seaLevel>
			<biomeIds>minecraft:mutated_mesa,nex:torrid_wasteland,minecraft:forest_hills,biomesoplenty:temperate_rainforest,minecraft:mutated_mesa_clear_rock</biomeIds>
			<planet name="Sol-50: 0" DIMID="51">
				<isKnown>false</isKnown>
				<fogColor>1.0,1.0,1.0</fogColor>
				<skyColor>0.38523042,0.80345225,1.0</skyColor>
				<gravitationalMultiplier>55</gravitationalMultiplier>
				<orbitalDistance>125</orbitalDistance>
				<orbitalPhi>-4</orbitalPhi>
				<rotationalPeriod>144252</rotationalPeriod>
				<atmosphereDensity>29</atmosphereDensity>
				<biomeIds>traverse:forested_hills,minecraft:extreme_hills,biomesoplenty:outback,minecraft:smaller_extreme_hills,biomesoplenty:quagmire</biomeIds>
			</planet>
		</planet>
		<planet name="Sol-46" DIMID="46">
			<isKnown>false</isKnown>
			<fogColor>1.0,1.0,1.0</fogColor>
			<skyColor>0.8,0.7777395,0.0</skyColor>
			<gravitationalMultiplier>92</gravitationalMultiplier>
			<orbitalDistance>29</orbitalDistance>
			<orbitalPhi>6</orbitalPhi>
			<rotationalPeriod>30821</rotationalPeriod>
			<atmosphereDensity>200</atmosphereDensity>
			<biomeIds>advancedrocketry:hotdryrock</biomeIds>
			<oceanBlock>minecraft:lava</oceanBlock>
		</planet>
		<planet name="Sol-47" DIMID="47">
			<isKnown>false</isKnown>
			<fogColor>1.0,1.0,1.0</fogColor>
			<skyColor>0.8,0.8190234,0.9049577</skyColor>
			<gravitationalMultiplier>130</gravitationalMultiplier>
			<orbitalDistance>123</orbitalDistance>
			<orbitalPhi>-1</orbitalPhi>
			<rotationalPeriod>10923</rotationalPeriod>
			<atmosphereDensity>96</atmosphereDensity>
			<biomeIds>minecraft:savanna_rock,biomesoplenty:woodland,biomesoplenty:redwood_forest_edge,advancedrocketry:oceanspires,traverse:rocky_plateau</biomeIds>
			<planet name="Sol-47: 0" DIMID="48">
				<isKnown>false</isKnown>
				<fogColor>1.0,1.0,1.0</fogColor>
				<skyColor>0.13142383,0.79221773,1.0</skyColor>
				<gravitationalMultiplier>58</gravitationalMultiplier>
				<orbitalDistance>155</orbitalDistance>
				<orbitalPhi>-1</orbitalPhi>
				<rotationalPeriod>116857</rotationalPeriod>
				<atmosphereDensity>23</atmosphereDensity>
				<biomeIds>advancedrocketry:moon,advancedrocketry:moondark</biomeIds>
			</planet>
			<planet name="Sol-47: 1" DIMID="49">
				<isKnown>false</isKnown>
				<hasRings>true</hasRings>
				<ringColor>0.50093114,0.66187465,1.0</ringColor>
				<fogColor>1.0,1.0,1.0</fogColor>
				<skyColor>0.50093114,0.66187465,1.0</skyColor>
				<gravitationalMultiplier>71</gravitationalMultiplier>
				<orbitalDistance>118</orbitalDistance>
				<orbitalPhi>0</orbitalPhi>
				<rotationalPeriod>67055</rotationalPeriod>
				<atmosphereDensity>33</atmosphereDensity>
				<biomeIds>biomesoplenty:sacred_springs,minecraft:mutated_birch_forest,minecraft:mutated_jungle_edge,biomesoplenty:wetland,biomesoplenty:woodland</biomeIds>
			</planet>
		</planet>
	</star>
	<star name="Magnis Vulpes" temp="70" x="-150" y="-250" size="1.0" numPlanets="0" numGasGiants="0" >
		<planet name="Sol-52" DIMID="52">
			<isKnown>false</isKnown>
			<fogColor>1.0,1.0,1.0</fogColor>
			<skyColor>0.8,0.6479888,0.0</skyColor>
			<gravitationalMultiplier>123</gravitationalMultiplier>
			<orbitalDistance>99</orbitalDistance>
			<orbitalPhi>2</orbitalPhi>
			<rotationalPeriod>12897</rotationalPeriod>
			<atmosphereDensity>200</atmosphereDensity>
			<biomeIds>advancedrocketry:hotdryrock</biomeIds>
			<planet name="Sol-52: 0" DIMID="53">
				<isKnown>false</isKnown>
				<fogColor>1.0,1.0,1.0</fogColor>
				<skyColor>0.35437292,0.96052104,1.0</skyColor>
				<gravitationalMultiplier>85</gravitationalMultiplier>
				<orbitalDistance>121</orbitalDistance>
				<orbitalPhi>3</orbitalPhi>
				<rotationalPeriod>39079</rotationalPeriod>
				<atmosphereDensity>28</atmosphereDensity>
				<biomeIds>minecraft:smaller_extreme_hills,biomesoplenty:tropical_rainforest,minecraft:mutated_swampland,minecraft:birch_forest_hills,traverse:lush_hills</biomeIds>
			</planet>
			<planet name="Sol-52: 1" DIMID="54">
				<isKnown>false</isKnown>
				<fogColor>1.0,1.0,1.0</fogColor>
				<skyColor>0.14647502,0.78935397,1.0</skyColor>
				<gravitationalMultiplier>52</gravitationalMultiplier>
				<orbitalDistance>149</orbitalDistance>
				<orbitalPhi>-5</orbitalPhi>
				<rotationalPeriod>161206</rotationalPeriod>
				<atmosphereDensity>22</atmosphereDensity>
				<seaLevel>76</seaLevel>
				<biomeIds>advancedrocketry:moon,advancedrocketry:moondark</biomeIds>
				<oceanBlock>advancedrocketry:oxygenfluid</oceanBlock>
			</planet>
			<oceanBlock>minecraft:lava</oceanBlock>
		</planet>
		<planet name="Sol-55" DIMID="55">
			<isKnown>false</isKnown>
			<fogColor>1.0,1.0,1.0</fogColor>
			<skyColor>0.8,0.9647373,0.8724736</skyColor>
			<gravitationalMultiplier>104</gravitationalMultiplier>
			<orbitalDistance>132</orbitalDistance>
			<orbitalPhi>-6</orbitalPhi>
			<rotationalPeriod>20732</rotationalPeriod>
			<atmosphereDensity>109</atmosphereDensity>
			<biomeIds>biomesoplenty:flower_island,biomesoplenty:origin_island,fossil:treasure,biomesoplenty:woodland,biomesoplenty:bayou</biomeIds>
			<planet name="Sol-55: 0" DIMID="56">
				<isKnown>false</isKnown>
				<fogColor>1.0,1.0,1.0</fogColor>
				<skyColor>0.3054846,0.9718803,1.0</skyColor>
				<gravitationalMultiplier>39</gravitationalMultiplier>
				<orbitalDistance>133</orbitalDistance>
				<orbitalPhi>0</orbitalPhi>
				<rotationalPeriod>404592</rotationalPeriod>
				<atmosphereDensity>35</atmosphereDensity>
				<biomeIds>biomesoplenty:mountain,minecraft:forest_hills,minecraft:mutated_roofed_forest,minecraft:smaller_extreme_hills,traverse:rocky_plateau</biomeIds>
			</planet>
			<planet name="Sol-55: 1" DIMID="57">
				<isKnown>false</isKnown>
				<fogColor>1.0,1.0,1.0</fogColor>
				<skyColor>0.15397793,0.8175267,1.0</skyColor>
				<gravitationalMultiplier>29</gravitationalMultiplier>
				<orbitalDistance>142</orbitalDistance>
				<orbitalPhi>0</orbitalPhi>
				<rotationalPeriod>984050</rotationalPeriod>
				<atmosphereDensity>18</atmosphereDensity>
				<seaLevel>77</seaLevel>
				<biomeIds>advancedrocketry:moon,advancedrocketry:moondark</biomeIds>
				<oceanBlock>advancedrocketry:oxygenfluid</oceanBlock>
			</planet>
		</planet>
	</star>
	<star name="Ma-Roo" temp="200" x="50" y="-250" size="1.0" numPlanets="0" numGasGiants="0" >
		<planet name="Sol-64" DIMID="64">
			<isKnown>false</isKnown>
			<fogColor>1.0,1.0,1.0</fogColor>
			<skyColor>0.2609883,0.5768483,1.0</skyColor>
			<gravitationalMultiplier>130</gravitationalMultiplier>
			<orbitalDistance>200</orbitalDistance>
			<orbitalPhi>0</orbitalPhi>
			<rotationalPeriod>10923</rotationalPeriod>
			<atmosphereDensity>68</atmosphereDensity>
			<biomeIds>fossil:lair of darkness,minecraft:extreme_hills_with_trees,minecraft:mutated_roofed_forest,biomesoplenty:fungi_forest,minecraft:mutated_redwood_taiga</biomeIds>
			<planet name="Sol-64: 0" DIMID="65">
				<isKnown>false</isKnown>
				<hasRings>true</hasRings>
				<ringColor>0.0,0.70370936,1.0</ringColor>
				<fogColor>1.0,1.0,1.0</fogColor>
				<skyColor>0.0,0.70370936,1.0</skyColor>
				<gravitationalMultiplier>69</gravitationalMultiplier>
				<orbitalDistance>196</orbitalDistance>
				<orbitalPhi>-2</orbitalPhi>
				<rotationalPeriod>73057</rotationalPeriod>
				<atmosphereDensity>36</atmosphereDensity>
				<biomeIds>traverse:arid_highland,traverse:rocky_plateau,minecraft:smaller_extreme_hills,traverse:forested_hills,biomesoplenty:wetland</biomeIds>
			</planet>
			<planet name="Sol-64: 1" DIMID="66">
				<isKnown>false</isKnown>
				<fogColor>1.0,1.0,1.0</fogColor>
				<skyColor>0.39862806,0.94493055,1.0</skyColor>
				<gravitationalMultiplier>61</gravitationalMultiplier>
				<orbitalDistance>131</orbitalDistance>
				<orbitalPhi>-7</orbitalPhi>
				<rotationalPeriod>105735</rotationalPeriod>
				<atmosphereDensity>32</atmosphereDensity>
				<biomeIds>minecraft:mutated_swampland,minecraft:mutated_extreme_hills,minecraft:swampland,advancedrocketry:marsh,biomesoplenty:land_of_lakes</biomeIds>
			</planet>
		</planet>
		<planet name="Sol-67" DIMID="67">
			<isKnown>false</isKnown>
			<fogColor>1.0,1.0,1.0</fogColor>
			<skyColor>0.8,0.5358628,0.6904785</skyColor>
			<gravitationalMultiplier>94</gravitationalMultiplier>
			<orbitalDistance>164</orbitalDistance>
			<orbitalPhi>5</orbitalPhi>
			<rotationalPeriod>28895</rotationalPeriod>
			<atmosphereDensity>145</atmosphereDensity>
			<biomeIds>advancedrocketry:oceanspires,biomesoplenty:eucalyptus_forest,biomesoplenty:xeric_shrubland,biomesoplenty:corrupted_sands,biomesoplenty:visceral_heap,advancedrocketry:deepswamp,advancedrocketry:stormland</biomeIds>
		</planet>
		<planet name="Sol-68" DIMID="68">
			<isKnown>false</isKnown>
			<fogColor>1.0,1.0,1.0</fogColor>
			<skyColor>0.8,0.6564177,0.32661098</skyColor>
			<gravitationalMultiplier>130</gravitationalMultiplier>
			<orbitalDistance>84</orbitalDistance>
			<orbitalPhi>-4</orbitalPhi>
			<rotationalPeriod>10923</rotationalPeriod>
			<atmosphereDensity>121</atmosphereDensity>
			<biomeIds>minecraft:savanna,biomesoplenty:tropical_rainforest,biomesoplenty:fungi_forest,biomesoplenty:undergarden,minecraft:mutated_savanna_rock</biomeIds>
			<planet name="Sol-68: 0" DIMID="69">
				<isKnown>false</isKnown>
				<fogColor>1.0,1.0,1.0</fogColor>
				<skyColor>0.41242152,0.6501517,1.0</skyColor>
				<gravitationalMultiplier>45</gravitationalMultiplier>
				<orbitalDistance>112</orbitalDistance>
				<orbitalPhi>2</orbitalPhi>
				<rotationalPeriod>263374</rotationalPeriod>
				<atmosphereDensity>23</atmosphereDensity>
				<biomeIds>advancedrocketry:moon,advancedrocketry:moondark</biomeIds>
			</planet>
			<planet name="Sol-68: 1" DIMID="70">
				<isKnown>false</isKnown>
				<fogColor>1.0,1.0,1.0</fogColor>
				<skyColor>0.19863415,0.9589126,1.0</skyColor>
				<gravitationalMultiplier>64</gravitationalMultiplier>
				<orbitalDistance>165</orbitalDistance>
				<orbitalPhi>-6</orbitalPhi>
				<rotationalPeriod>91552</rotationalPeriod>
				<atmosphereDensity>35</atmosphereDensity>
				<biomeIds>minecraft:mutated_forest,nex:fungi_forest,traverse:lush_hills,biomesoplenty:coral_reef,biomesoplenty:bayou</biomeIds>
			</planet>
			<oceanBlock>minecraft:lava</oceanBlock>
		</planet>
		<planet name="Sol-71" DIMID="71">
			<isKnown>false</isKnown>
			<fogColor>1.0,1.0,1.0</fogColor>
			<skyColor>0.0,0.51584125,1.0</skyColor>
			<gravitationalMultiplier>108</gravitationalMultiplier>
			<orbitalDistance>168</orbitalDistance>
			<orbitalPhi>-6</orbitalPhi>
			<rotationalPeriod>19051</rotationalPeriod>
			<atmosphereDensity>11</atmosphereDensity>
			<biomeIds>advancedrocketry:moon,advancedrocketry:moondark</biomeIds>
			<planet name="Sol-71: 0" DIMID="72">
				<isKnown>false</isKnown>
				<fogColor>1.0,1.0,1.0</fogColor>
				<skyColor>0.0,0.6316754,1.0</skyColor>
				<gravitationalMultiplier>76</gravitationalMultiplier>
				<orbitalDistance>191</orbitalDistance>
				<orbitalPhi>-2</orbitalPhi>
				<rotationalPeriod>54672</rotationalPeriod>
				<atmosphereDensity>27</atmosphereDensity>
				<biomeIds>minecraft:mesa,minecraft:roofed_forest,traverse:thicket,biomesoplenty:mangrove,minecraft:forest</biomeIds>
			</planet>
		</planet>
		<planet name="Sol-58" DIMID="58">
			<isKnown>false</isKnown>
			<fogColor>1.0,1.0,1.0</fogColor>
			<skyColor>0.8,0.96717626,0.0</skyColor>
			<gravitationalMultiplier>115</gravitationalMultiplier>
			<orbitalDistance>16</orbitalDistance>
			<orbitalPhi>0</orbitalPhi>
			<rotationalPeriod>15780</rotationalPeriod>
			<atmosphereDensity>163</atmosphereDensity>
			<biomeIds>advancedrocketry:hotdryrock</biomeIds>
			<planet name="Sol-58: 0" DIMID="59">
				<isKnown>false</isKnown>
				<fogColor>1.0,1.0,1.0</fogColor>
				<skyColor>0.2904011,0.67372394,1.0</skyColor>
				<gravitationalMultiplier>43</gravitationalMultiplier>
				<orbitalDistance>120</orbitalDistance>
				<orbitalPhi>-4</orbitalPhi>
				<rotationalPeriod>301860</rotationalPeriod>
				<atmosphereDensity>14</atmosphereDensity>
				<seaLevel>77</seaLevel>
				<biomeIds>advancedrocketry:moon,advancedrocketry:moondark</biomeIds>
				<oceanBlock>advancedrocketry:oxygenfluid</oceanBlock>
			</planet>
			<planet name="Sol-58: 1" DIMID="60">
				<isKnown>false</isKnown>
				<fogColor>1.0,1.0,1.0</fogColor>
				<skyColor>0.10437089,0.6864232,1.0</skyColor>
				<gravitationalMultiplier>58</gravitationalMultiplier>
				<orbitalDistance>169</orbitalDistance>
				<orbitalPhi>0</orbitalPhi>
				<rotationalPeriod>123006</rotationalPeriod>
				<atmosphereDensity>27</atmosphereDensity>
				<biomeIds>biomesoplenty:corrupted_sands,biomesoplenty:rainforest,minecraft:birch_forest,minecraft:desert_hills,traverse:green_swamp</biomeIds>
			</planet>
			<oceanBlock>minecraft:lava</oceanBlock>
		</planet>
		<planet name="Sol-61" DIMID="61">
			<isKnown>false</isKnown>
			<fogColor>1.0,1.0,1.0</fogColor>
			<skyColor>0.8,0.67781025,0.87658775</skyColor>
			<gravitationalMultiplier>130</gravitationalMultiplier>
			<orbitalDistance>75</orbitalDistance>
			<orbitalPhi>-1</orbitalPhi>
			<rotationalPeriod>10923</rotationalPeriod>
			<atmosphereDensity>52</atmosphereDensity>
			<biomeIds>minecraft:birch_forest_hills,biomesoplenty:mountain,biomesoplenty:rainforest,minecraft:ocean,minecraft:taiga</biomeIds>
			<planet name="Sol-61: 0" DIMID="62">
				<isKnown>false</isKnown>
				<fogColor>1.0,1.0,1.0</fogColor>
				<skyColor>0.5504792,0.9443495,1.0</skyColor>
				<gravitationalMultiplier>65</gravitationalMultiplier>
				<orbitalDistance>109</orbitalDistance>
				<orbitalPhi>2</orbitalPhi>
				<rotationalPeriod>87391</rotationalPeriod>
				<atmosphereDensity>28</atmosphereDensity>
				<biomeIds>biomesoplenty:flower_field,minecraft:savanna,minecraft:mutated_extreme_hills,biomesoplenty:grassland,minecraft:stone_beach</biomeIds>
			</planet>
			<planet name="Sol-61: 1" DIMID="63">
				<isKnown>false</isKnown>
				<fogColor>1.0,1.0,1.0</fogColor>
				<skyColor>0.4779848,0.91266435,1.0</skyColor>
				<gravitationalMultiplier>58</gravitationalMultiplier>
				<orbitalDistance>116</orbitalDistance>
				<orbitalPhi>-2</orbitalPhi>
				<rotationalPeriod>123006</rotationalPeriod>
				<atmosphereDensity>25</atmosphereDensity>
				<biomeIds>advancedrocketry:moon,advancedrocketry:moondark</biomeIds>
			</planet>
		</planet>
	</star>
	<star name="Alykitt" temp="120" x="75" y="200" size="1.0" numPlanets="0" numGasGiants="0" >
		<planet name="Sol-80" DIMID="80">
			<isKnown>false</isKnown>
			<fogColor>1.0,1.0,1.0</fogColor>
			<skyColor>0.7381226,0.577748,1.0</skyColor>
			<gravitationalMultiplier>126</gravitationalMultiplier>
			<orbitalDistance>119</orbitalDistance>
			<orbitalPhi>-1</orbitalPhi>
			<rotationalPeriod>11997</rotationalPeriod>
			<atmosphereDensity>59</atmosphereDensity>
			<biomeIds>minecraft:jungle,biomesoplenty:sacred_springs,traverse:green_swamp,biomesoplenty:origin_island,minecraft:plains</biomeIds>
			<planet name="Sol-80: 0" DIMID="81">
				<isKnown>false</isKnown>
				<fogColor>1.0,1.0,1.0</fogColor>
				<skyColor>0.22703844,0.6303141,1.0</skyColor>
				<gravitationalMultiplier>84</gravitationalMultiplier>
				<orbitalDistance>136</orbitalDistance>
				<orbitalPhi>-8</orbitalPhi>
				<rotationalPeriod>40492</rotationalPeriod>
				<atmosphereDensity>24</atmosphereDensity>
				<biomeIds>advancedrocketry:moon,advancedrocketry:moondark</biomeIds>
			</planet>
			<planet name="Sol-80: 1" DIMID="82">
				<isKnown>false</isKnown>
				<fogColor>1.0,1.0,1.0</fogColor>
				<skyColor>0.0,0.58028865,1.0</skyColor>
				<gravitationalMultiplier>57</gravitationalMultiplier>
				<orbitalDistance>166</orbitalDistance>
				<orbitalPhi>-2</orbitalPhi>
				<rotationalPeriod>129594</rotationalPeriod>
				<atmosphereDensity>19</atmosphereDensity>
				<biomeIds>advancedrocketry:moon,advancedrocketry:moondark</biomeIds>
			</planet>
		</planet>
		<planet name="Sol-83" DIMID="83">
			<isKnown>false</isKnown>
			<fogColor>1.0,1.0,1.0</fogColor>
			<skyColor>0.28384566,0.91838485,1.0</skyColor>
			<gravitationalMultiplier>130</gravitationalMultiplier>
			<orbitalDistance>124</orbitalDistance>
			<orbitalPhi>-2</orbitalPhi>
			<rotationalPeriod>10923</rotationalPeriod>
			<atmosphereDensity>23</atmosphereDensity>
			<biomeIds>advancedrocketry:moon,advancedrocketry:moondark</biomeIds>
		</planet>
		<planet name="Sol-73" DIMID="73">
			<isKnown>false</isKnown>
			<GasGiant>true</GasGiant>
			<gas>hydrogen</gas>
			<gas>oxygen</gas>
			<gas>nitrogen</gas>
			<fogColor>1.0,1.0,1.0</fogColor>
			<skyColor>1.0,1.0,1.0</skyColor>
			<gravitationalMultiplier>112</gravitationalMultiplier>
			<orbitalDistance>200</orbitalDistance>
			<orbitalPhi>0</orbitalPhi>
			<rotationalPeriod>24000</rotationalPeriod>
			<atmosphereDensity>165</atmosphereDensity>
			<planet name="Sol-73: 0" DIMID="74">
				<isKnown>false</isKnown>
				<fogColor>1.0,1.0,1.0</fogColor>
				<skyColor>0.6035826,0.5408287,1.0</skyColor>
				<gravitationalMultiplier>31</gravitationalMultiplier>
				<orbitalDistance>108</orbitalDistance>
				<orbitalPhi>-1</orbitalPhi>
				<rotationalPeriod>805612</rotationalPeriod>
				<atmosphereDensity>37</atmosphereDensity>
				<seaLevel>67</seaLevel>
				<biomeIds>traverse:meadow,traverse:temperate_rainforest,minecraft:birch_forest_hills,minecraft:birch_forest,biomesoplenty:fungi_forest</biomeIds>
			</planet>
			<planet name="Sol-73: 1" DIMID="75">
				<isKnown>false</isKnown>
				<fogColor>1.0,1.0,1.0</fogColor>
				<skyColor>0.1965326,0.9477247,1.0</skyColor>
				<gravitationalMultiplier>69</gravitationalMultiplier>
				<orbitalDistance>151</orbitalDistance>
				<orbitalPhi>-4</orbitalPhi>
				<rotationalPeriod>73057</rotationalPeriod>
				<atmosphereDensity>29</atmosphereDensity>
				<biomeIds>minecraft:stone_beach,minecraft:mutated_redwood_taiga_hills,advancedrocketry:oceanspires,minecraft:birch_forest_hills,biomesoplenty:overgrown_cliffs</biomeIds>
			</planet>
			<planet name="Sol-73: 2" DIMID="76">
				<isKnown>false</isKnown>
				<fogColor>1.0,1.0,1.0</fogColor>
				<skyColor>0.0,0.72369933,1.0</skyColor>
				<gravitationalMultiplier>74</gravitationalMultiplier>
				<orbitalDistance>172</orbitalDistance>
				<orbitalPhi>0</orbitalPhi>
				<rotationalPeriod>59226</rotationalPeriod>
				<atmosphereDensity>23</atmosphereDensity>
				<biomeIds>advancedrocketry:moon,advancedrocketry:moondark</biomeIds>
			</planet>
			<planet name="Sol-73: 3" DIMID="77">
				<isKnown>false</isKnown>
				<fogColor>1.0,1.0,1.0</fogColor>
				<skyColor>0.2158233,0.5539496,1.0</skyColor>
				<gravitationalMultiplier>41</gravitationalMultiplier>
				<orbitalDistance>144</orbitalDistance>
				<orbitalPhi>-6</orbitalPhi>
				<rotationalPeriod>348224</rotationalPeriod>
				<atmosphereDensity>26</atmosphereDensity>
				<biomeIds>biomesoplenty:orchard,biomesoplenty:brushland,traverse:badlands,traverse:autumnal_woods,minecraft:mutated_desert</biomeIds>
			</planet>
			<planet name="Sol-73: 4" DIMID="78">
				<isKnown>false</isKnown>
				<fogColor>1.0,1.0,1.0</fogColor>
				<skyColor>0.20439583,0.72156996,1.0</skyColor>
				<gravitationalMultiplier>38</gravitationalMultiplier>
				<orbitalDistance>142</orbitalDistance>
				<orbitalPhi>0</orbitalPhi>
				<rotationalPeriod>437381</rotationalPeriod>
				<atmosphereDensity>23</atmosphereDensity>
				<biomeIds>advancedrocketry:moon,advancedrocketry:moondark</biomeIds>
			</planet>
		</planet>
		<planet name="Sol-79" DIMID="79">
			<isKnown>false</isKnown>
			<fogColor>1.0,1.0,1.0</fogColor>
			<skyColor>0.8,0.9423758,0.0</skyColor>
			<gravitationalMultiplier>95</gravitationalMultiplier>
			<orbitalDistance>98</orbitalDistance>
			<orbitalPhi>2</orbitalPhi>
			<rotationalPeriod>27992</rotationalPeriod>
			<atmosphereDensity>200</atmosphereDensity>
			<biomeIds>advancedrocketry:hotdryrock</biomeIds>
			<oceanBlock>minecraft:lava</oceanBlock>
		</planet>
	</star>
</galaxy>